Name,Count,Surname rank among whites,% of people with surname self-identifying as 'white',U.S. Rank,U.S. total occurrences
SMITH,1742947.00,1,73.30%,1,"2,376,206"
JOHNSON,1143082.00,2,61.60%,2,"1,857,160"
MILLER,967768.00,3,85.80%,6,"1,127,803"
BROWN,837886.00,4,60.70%,4,"1,380,145"
JONES,786173.00,5,57.70%,5,"1,362,755"
WILLIAMS,744317.00,6,48.50%,3,"1,534,042"
DAVIS,694122.00,7,64.70%,7,"1,072,335"
ANDERSON,591618.00,8,77.60%,12,"762,394"
WILSON,545943.00,9,69.70%,10,"783,051"
MARTIN,521149.00,10,77.50%,17,"672,711"
TAYLOR,488411.00,11,67.80%,13,"720,370"
MOORE,481035.00,12,68.90%,16,"698,671"
THOMPSON,467038.00,13,72.50%,19,"644,368"
WHITE,434295.00,14,67.90%,20,"639,515"
CLARK,421367.00,15,76.80%,25,"548,369"
THOMAS,394649.00,16,55.50%,14,"710,696"
HALL,355697.00,17,75.10%,30,"473,568"
BAKER,339279.00,18,82.10%,38,"413,351"
NELSON,330984.00,19,80.30%,40,"412,236"
ALLEN,325470.00,20,70.20%,32,"463,368"
YOUNG,321085.00,21,68.90%,31,"465,948"
HARRIS,319800.00,22,53.90%,24,"593,542"
KING,319582.00,23,72.80%,35,"438,986"
ADAMS,314648.00,24,76.20%,39,"413,086"
LEWIS,310904.00,25,61.00%,26,"509,930"
WALKER,307051.00,26,61.30%,28,"501,307"
WRIGHT,300771.00,27,68.30%,34,"440,367"
ROBERTS,291361.00,28,79.60%,45,"366,215"
CAMPBELL,284432.00,29,76.50%,43,"371,953"
JACKSON,279306.00,30,41.90%,18,"666,125"
PHILLIPS,277784.00,31,79.00%,47,"351,848"
HILL,275186.00,32,66.80%,41,"411,770"
SCOTT,262977.00,33,62.60%,36,"420,091"
ROBINSON,258255.00,34,51.30%,27,"503,028"
MURPHY,255576.00,35,85.00%,58,"300,501"
COOK,246213.00,36,83.50%,60,"294,795"
GREEN,245316.00,37,59.30%,37,"413,477"
LEE,242889.00,38,40.10%,22,"605,860"
EVANS,241790.00,39,70.60%,48,"342,237"
PETERSON,237333.00,40,86.30%,63,"275,041"
MORRIS,236684.00,41,75.90%,56,"311,754"
COLLINS,234953.00,42,73.90%,52,"317,848"
MITCHELL,233504.00,43,63.60%,44,"367,433"
PARKER,231803.00,44,71.50%,51,"324,246"
ROGERS,229046.00,45,77.80%,61,"294,403"
STEWART,224599.00,46,71.80%,54,"312,899"
TURNER,223787.00,47,66.70%,49,"335,663"
WOOD,222717.00,48,90.10%,75,"247,299"
CARTER,219378.00,49,60.50%,46,"362,548"
MORGAN,216891.00,50,78.50%,62,"276,400"
COX,214386.00,51,84.50%,72,"253,771"
KELLY,209324.00,52,80.40%,69,"260,385"
EDWARDS,206603.00,53,65.20%,53,"317,070"
BAILEY,198825.00,54,74.80%,66,"265,916"
WARD,197681.00,55,77.80%,71,"254,121"
REED,196597.00,56,73.50%,65,"267,443"
MYERS,194675.00,57,86.60%,85,"224,824"
SULLIVAN,192890.00,58,89.50%,92,"215,640"
COOPER,190040.00,59,70.40%,64,"270,097"
BENNETT,188853.00,60,79.00%,78,"239,055"
HUGHES,184888.00,61,80.60%,83,"229,390"
LONG,184047.00,62,82.30%,86,"223,494"
FISHER,177875.00,63,84.60%,100,"210,279"
PRICE,174106.00,64,76.10%,84,"228,756"
RUSSELL,171161.00,65,79.50%,93,"215,432"
HOWARD,170269.00,66,66.80%,70,"254,779"
GRAY,168374.00,67,71.10%,79,"236,713"
BELL,168303.00,68,63.60%,67,"264,752"
WATSON,166260.00,69,68.60%,76,"242,432"
REYNOLDS,162894.00,70,83.30%,106,"195,598"
FOSTER,159149.00,71,72.00%,87,"221,040"
ROSS,157184.00,72,71.50%,89,"219,961"
OLSON,157011.00,73,96.00%,136,"163,502"
RICHARDSON,155334.00,74,62.20%,74,"249,533"
SNYDER,151984.00,75,95.40%,144,"159,363"
POWELL,151500.00,76,70.00%,91,"216,553"
STEVENS,151302.00,77,83.40%,122,"181,417"
BROOKS,150999.00,78,62.70%,77,"240,751"
PERRY,150361.00,79,70.70%,97,"212,644"
WEST,146418.00,80,77.70%,115,"188,464"
COLE,145709.00,81,77.60%,116,"187,793"
WAGNER,145199.00,82,94.00%,152,"154,516"
MEYER,143782.00,83,96.10%,163,"149,664"
KENNEDY,142406.00,84,83.00%,130,"171,636"
BARNES,141932.00,85,67.40%,99,"210,426"
HAMILTON,141454.00,86,72.80%,107,"194,331"
GRAHAM,141364.00,87,72.80%,108,"194,074"
SCHMIDT,140441.00,88,96.50%,171,"145,565"
SANDERS,140140.00,89,63.40%,88,"220,902"
MCDONALD,139449.00,90,79.20%,127,"176,094"
PATTERSON,139169.00,91,70.10%,104,"198,557"
MURRAY,138431.00,92,77.60%,123,"178,414"
GIBSON,137522.00,93,74.60%,119,"184,420"
WALLACE,136889.00,94,71.80%,113,"190,760"
BUTLER,136544.00,95,64.70%,98,"210,879"
HAYES,134306.00,96,71.60%,117,"187,473"
BURNS,133257.00,97,82.20%,141,"162,153"
ELLIS,132484.00,98,72.80%,121,"181,934"
FOX,132356.00,99,89.80%,167,"147,357"
STONE,130927.00,100,87.40%,162,"149,802"
HENDERSON,130636.00,101,62.20%,101,"210,094"
WELLS,130212.00,102,76.30%,131,"170,635"
RYAN,130041.00,103,93.30%,177,"139,335"
JENKINS,128499.00,104,60.10%,95,"213,737"
HANSEN,127655.00,105,95.60%,193,"133,474"
WEBB,127090.00,106,77.70%,137,"163,481"
JAMES,126990.00,107,54.40%,80,"233,224"
JORDAN,126807.00,108,64.30%,105,"197,212"
GRIFFIN,126697.00,109,66.50%,114,"190,636"
HOFFMAN,126610.00,110,95.50%,195,"132,645"
HARRISON,124660.00,111,71.00%,128,"175,577"
ROSE,123754.00,112,84.20%,168,"146,924"
SIMMONS,122099.00,113,60.50%,103,"201,650"
MARSHALL,122082.00,114,68.90%,125,"177,213"
JOHNSTON,120077.00,115,93.10%,207,"128,935"
OWENS,120066.00,116,68.10%,126,"176,334"
NICHOLS,119638.00,117,84.30%,174,"141,936"
WEAVER,118975.00,118,85.70%,179,"138,811"
KELLEY,118036.00,119,85.80%,184,"137,555"
MILLS,117883.00,120,79.70%,165,"147,909"
ALEXANDER,117826.00,121,60.90%,111,"193,443"
TUCKER,117410.00,122,72.10%,139,"162,933"
PALMER,117122.00,123,77.90%,158,"150,407"
RICE,116639.00,124,79.60%,169,"146,440"
LARSON,116379.00,125,96.10%,224,"121,064"
SIMPSON,115975.00,126,73.30%,145,"158,241"
SHAW,115867.00,127,74.70%,150,"155,172"
CARLSON,115583.00,128,96.20%,225,"120,124"
HUNT,115555.00,129,76.00%,157,"151,986"
BLACK,115118.00,130,76.70%,160,"150,186"
FORD,114674.00,131,64.30%,124,"178,397"
PETERS,114311.00,132,85.20%,190,"134,231"
ARNOLD,113619.00,133,83.40%,187,"136,315"
ROBERTSON,113250.00,134,75.30%,159,"150,299"
PIERCE,112927.00,135,82.70%,186,"136,517"
DUNN,112782.00,136,82.30%,185,"136,955"
CRAWFORD,112756.00,137,71.30%,146,"158,121"
BRYANT,112039.00,138,61.00%,120,"183,761"
CARPENTER,111913.00,139,88.10%,211,"127,073"
PORTER,111660.00,140,71.20%,148,"156,848"
CARROLL,111433.00,141,85.10%,201,"131,020"
ELLIOTT,111092.00,142,83.90%,197,"132,457"
FREEMAN,110561.00,143,68.00%,140,"162,686"
MASON,110378.00,144,71.00%,149,"155,484"
FERGUSON,110305.00,145,77.50%,173,"142,256"
OBRIEN,109973.00,146,95.30%,234,"115,385"
HART,109563.00,147,82.70%,196,"132,466"
COLEMAN,108568.00,148,52.00%,102,"208,624"
WARREN,107232.00,149,72.50%,166,"147,906"
JENSEN,107210.00,150,95.40%,244,"112,332"
GARDNER,107087.00,151,77.20%,182,"138,660"
HICKS,106703.00,152,69.50%,155,"153,618"
STEPHENS,106193.00,153,76.50%,181,"138,742"
HENRY,105002.00,154,65.10%,142,"161,392"
GORDON,104968.00,155,67.80%,151,"154,934"
BURKE,104564.00,156,87.70%,229,"119,175"
WEBER,103098.00,157,95.60%,252,"107,866"
DUNCAN,102875.00,158,78.90%,203,"130,419"
RICHARDS,102709.00,159,81.70%,215,"125,653"
WOODS,102436.00,160,60.70%,133,"168,814"
HANSON,102392.00,161,93.90%,251,"109,079"
LANE,102158.00,162,79.40%,209,"128,727"
PAYNE,101713.00,163,73.70%,183,"138,028"
CHAPMAN,101648.00,164,81.60%,218,"124,614"
SCHULTZ,101015.00,165,96.20%,261,"104,962"
WHEELER,100742.00,166,82.80%,223,"121,684"
RAY,99931.00,167,77.60%,208,"128,794"
CUNNINGHAM,99661.00,168,75.60%,198,"131,896"
WALSH,98984.00,169,95.90%,265,"103,216"
KNIGHT,98618.00,170,74.80%,199,"131,860"
BISHOP,98503.00,171,86.40%,238,"114,034"
BOYD,98116.00,172,65.60%,164,"149,476"
ARMSTRONG,97435.00,173,75.00%,204,"129,982"
SCHNEIDER,97205.00,174,96.70%,272,"100,553"
HUNTER,97155.00,175,62.90%,153,"154,410"
SPENCER,96409.00,176,71.70%,189,"134,443"
LYNCH,96388.00,177,84.20%,237,"114,448"
MORRISON,96333.00,178,81.70%,231,"117,939"
RILEY,96072.00,179,75.10%,210,"127,960"
ANDREWS,95994.00,180,74.20%,206,"129,320"
BERRY,94815.00,181,73.30%,205,"129,405"
BRADLEY,93491.00,182,71.20%,200,"131,289"
PERKINS,90795.00,183,71.50%,212,"126,951"
HUDSON,90705.00,184,69.40%,202,"130,793"
WELCH,90568.00,185,85.60%,259,"105,804"
GILBERT,90273.00,186,80.30%,243,"112,406"
LAWRENCE,89424.00,187,71.90%,219,"124,321"
HOWELL,89143.00,188,81.30%,249,"109,634"
WALTERS,88962.00,189,85.30%,262,"104,281"
HOLMES,88928.00,190,59.20%,161,"150,166"
WILLIAMSON,88898.00,191,79.20%,245,"112,216"
JACOBS,88561.00,192,76.60%,233,"115,540"
DAVIDSON,88013.00,193,86.30%,269,"102,044"
LAWSON,87887.00,194,76.30%,235,"115,186"
KELLER,87633.00,195,92.90%,290,"94,300"
MAY,87016.00,196,85.50%,270,"101,726"
DIXON,86725.00,197,57.10%,156,"152,015"
DAY,86608.00,198,85.20%,271,"101,676"
CARR,86319.00,199,75.80%,239,"113,892"
DEAN,86008.00,200,78.70%,250,"109,230"
GEORGE,85569.00,201,71.40%,227,"119,778"
FOWLER,85524.00,202,83.30%,267,"102,620"
BECK,85457.00,203,91.70%,295,"93,161"
NEWMAN,85387.00,204,85.00%,273,"100,491"
HAWKINS,85266.00,205,63.60%,191,"134,066"
BECKER,84942.00,206,96.40%,315,"88,114"
BOWMAN,84756.00,207,82.90%,268,"102,239"
GREENE,84129.00,208,70.30%,228,"119,604"
HARPER,84051.00,209,70.10%,226,"119,868"
BREWER,83728.00,210,83.30%,274,"100,465"
MATTHEWS,82656.00,211,66.20%,217,"124,839"
POWERS,82274.00,212,91.00%,304,"90,401"
SCHWARTZ,81963.00,213,96.80%,330,"84,699"
WILLIS,81331.00,214,64.70%,216,"125,627"
FULLER,80577.00,215,75.50%,256,"106,682"
BARRETT,79805.00,216,83.20%,288,"95,896"
DANIELS,79338.00,217,57.20%,180,"138,776"
HARVEY,79280.00,218,70.70%,247,"112,136"
COHEN,79053.00,219,90.60%,320,"87,226"
CURTIS,79048.00,220,79.90%,280,"98,958"
WATKINS,79027.00,221,64.50%,222,"122,447"
HOLLAND,78769.00,222,78.90%,276,"99,885"
MONTGOMERY,78748.00,223,70.20%,246,"112,144"
AUSTIN,78725.00,224,69.60%,241,"113,160"
GRANT,78075.00,225,58.30%,192,"134,034"
GARRETT,78063.00,226,72.40%,253,"107,777"
ERICKSON,78014.00,227,96.40%,351,"80,936"
LAMBERT,77669.00,228,85.70%,303,"90,618"
KLEIN,76920.00,229,96.50%,359,"79,685"
ZIMMERMAN,76743.00,230,94.80%,350,"80,944"
WOLFE,76704.00,231,92.30%,337,"83,112"
MCCARTHY,76092.00,232,93.90%,348,"81,035"
STANLEY,76029.00,233,81.00%,292,"93,817"
BARKER,75455.00,234,88.50%,325,"85,221"
BURTON,74721.00,235,69.70%,255,"107,158"
OLIVER,74509.00,236,66.70%,248,"111,641"
LITTLE,74245.00,237,72.30%,266,"102,718"
LUCAS,73877.00,238,73.60%,275,"100,417"
LEONARD,73669.00,239,82.60%,308,"89,198"
PEARSON,73542.00,240,74.50%,281,"98,728"
MCCOY,73472.00,241,69.00%,258,"106,481"
CRAIG,72721.00,242,81.20%,307,"89,591"
BARNETT,72676.00,243,78.70%,300,"92,287"
BATES,72266.00,244,77.10%,293,"93,743"
GREGORY,71821.00,245,80.90%,312,"88,810"
HOPKINS,71482.00,246,75.60%,289,"94,603"
OCONNOR,70831.00,247,94.70%,385,"74,756"
WARNER,70630.00,248,86.30%,344,"81,824"
SWANSON,70424.00,249,92.00%,375,"76,539"
NORRIS,69882.00,250,82.00%,326,"85,212"
HALE,69674.00,251,84.00%,338,"82,955"
ROBBINS,69616.00,252,89.10%,364,"78,141"
HOLT,68776.00,253,81.20%,329,"84,710"
RHODES,68608.00,254,77.20%,310,"88,917"
CHRISTENSEN,68199.00,255,95.90%,412,"71,144"
STEELE,67811.00,256,80.40%,331,"84,353"
MCDANIEL,67742.00,257,78.50%,323,"86,317"
BENSON,67370.00,258,80.00%,332,"84,233"
MANN,67329.00,259,83.10%,349,"81,022"
SHELTON,67287.00,260,76.20%,313,"88,326"
LOWE,67142.00,261,75.30%,309,"89,178"
HIGGINS,67110.00,262,85.90%,365,"78,107"
FISCHER,67088.00,263,95.70%,419,"70,095"
DOYLE,66710.00,264,90.70%,391,"73,518"
GRIFFITH,66450.00,265,85.80%,369,"77,429"
REID,65774.00,266,63.20%,263,"104,007"
FRANKLIN,65722.00,267,57.20%,236,"114,859"
QUINN,65684.00,268,88.10%,386,"74,531"
FLEMING,65601.00,269,74.60%,317,"87,949"
SUTTON,65600.00,270,75.10%,319,"87,373"
BALL,65562.00,271,84.50%,366,"77,561"
MCLAUGHLIN,65559.00,272,89.60%,392,"73,128"
WOLF,65432.00,273,95.00%,427,"68,905"
SHARP,65430.00,274,85.10%,371,"76,868"
GALLAGHER,65406.00,275,96.10%,433,"68,075"
BOWEN,65146.00,276,84.50%,370,"77,078"
FITZGERALD,64721.00,277,88.00%,390,"73,522"
GROSS,64338.00,278,86.60%,387,"74,285"
SCHROEDER,64247.00,279,96.70%,450,"66,412"
POTTER,64227.00,280,90.30%,413,"71,103"
CALDWELL,64183.00,281,70.30%,301,"91,338"
JENNINGS,63868.00,282,73.40%,321,"87,038"
REEVES,63686.00,283,79.80%,358,"79,817"
ADKINS,63603.00,284,88.90%,408,"71,528"
BRADY,63360.00,285,89.00%,411,"71,175"
LYONS,63240.00,286,76.90%,339,"82,258"
MULLINS,63201.00,287,89.90%,416,"70,286"
WADE,62654.00,288,67.50%,297,"92,834"
BALDWIN,62624.00,289,79.10%,361,"79,151"
VAUGHN,62613.00,290,73.60%,327,"85,037"
MUELLER,62350.00,291,97.00%,467,"64,305"
CHAMBERS,62144.00,292,68.80%,305,"90,325"
PAGE,62108.00,293,77.20%,354,"80,493"
PARKS,61720.00,294,71.50%,322,"86,346"
BLAIR,61708.00,295,82.10%,380,"75,135"
FIELDS,61677.00,296,59.70%,264,"103,242"
PARSONS,61377.00,297,92.70%,453,"66,203"
FLETCHER,61120.00,298,75.50%,352,"80,932"
WATTS,61058.00,299,70.80%,324,"86,228"
SIMS,60957.00,300,56.80%,254,"107,244"
RAMSEY,60948.00,301,79.50%,373,"76,625"
HARTMAN,60904.00,302,95.40%,470,"63,827"
KRAMER,60798.00,303,96.50%,474,"63,023"
BUSH,60442.00,304,74.10%,346,"81,524"
HORTON,60262.00,305,72.20%,335,"83,523"
BAUER,59711.00,306,96.30%,484,"61,979"
BARBER,59581.00,307,77.90%,376,"76,504"
SHERMAN,59301.00,308,84.90%,422,"69,840"
DOUGLAS,59147.00,309,61.30%,286,"96,425"
GRAVES,59128.00,310,72.00%,340,"82,179"
CHANDLER,58433.00,311,76.80%,379,"76,114"
CROSS,58364.00,312,77.70%,382,"75,134"
BARTON,58048.00,313,87.10%,447,"66,622"
HARMON,57938.00,314,80.00%,399,"72,414"
CUMMINGS,57891.00,315,75.50%,372,"76,707"
FLYNN,57820.00,316,93.60%,487,"61,747"
TODD,57810.00,317,82.80%,423,"69,810"
MCKINNEY,57697.00,318,71.60%,353,"80,616"
GOODMAN,57657.00,319,80.70%,409,"71,482"
TERRY,57421.00,320,68.80%,336,"83,437"
CASEY,57368.00,321,88.50%,463,"64,815"
FRANK,57144.00,322,86.70%,454,"65,918"
DAWSON,56518.00,323,70.50%,355,"80,190"
OWEN,56446.00,324,93.40%,496,"60,461"
NEWTON,56344.00,325,77.90%,400,"72,328"
THORNTON,56290.00,326,69.30%,347,"81,191"
MORAN,56105.00,327,71.40%,362,"78,546"
SHAFFER,56035.00,328,94.60%,505,"59,227"
MCCORMICK,55833.00,329,89.10%,475,"62,663"
BURGESS,55686.00,330,77.80%,407,"71,604"
MCGUIRE,55631.00,331,89.60%,482,"62,116"
GOODWIN,55542.00,332,79.00%,415,"70,333"
HESS,55474.00,333,95.90%,518,"57,822"
NORTON,55414.00,334,89.70%,485,"61,805"
FRENCH,55407.00,335,87.70%,473,"63,149"
OSBORNE,55261.00,336,84.00%,457,"65,802"
MANNING,55234.00,337,76.60%,402,"72,069"
BOWERS,55041.00,338,85.30%,466,"64,496"
ROTH,54903.00,339,96.30%,527,"57,030"
HARRINGTON,54658.00,340,83.90%,462,"65,131"
OLSEN,54650.00,341,95.30%,521,"57,357"
ROWE,54414.00,342,82.20%,452,"66,205"
BYRD,54397.00,343,61.30%,311,"88,811"
NEAL,54242.00,344,64.70%,333,"83,849"
HAMMOND,54173.00,345,80.80%,442,"67,063"
WEISS,54160.00,346,96.50%,531,"56,153"
FARMER,53971.00,347,79.00%,431,"68,309"
WISE,53838.00,348,80.70%,445,"66,738"
SPARKS,53471.00,349,85.90%,481,"62,234"
GARNER,53419.00,350,74.10%,403,"72,052"
WEBSTER,53406.00,351,76.20%,418,"70,123"
PAUL,53319.00,352,73.80%,401,"72,248"
RODGERS,53247.00,353,72.90%,394,"73,021"
MOSS,53004.00,354,71.90%,389,"73,750"
GARCIA,52956.00,355,6.20%,8,"858,289"
PETERSEN,52509.00,356,95.20%,543,"55,185"
SIMON,52342.00,357,69.90%,383,"74,839"
HOOVER,52295.00,358,93.30%,532,"56,068"
HODGES,52285.00,359,75.90%,428,"68,868"
HAYNES,52274.00,360,63.70%,341,"82,037"
FRAZIER,52156.00,361,59.10%,314,"88,325"
MILES,52118.00,362,63.60%,342,"81,933"
DECKER,51929.00,363,95.40%,555,"54,450"
MARSH,51855.00,364,85.00%,494,"60,999"
MEYERS,51734.00,365,91.20%,528,"56,744"
STRICKLAND,51657.00,366,78.50%,456,"65,814"
BLAKE,51294.00,367,74.00%,425,"69,279"
DENNIS,51227.00,368,68.50%,384,"74,784"
LAMB,51183.00,369,87.40%,511,"58,555"
BUCHANAN,51009.00,370,79.90%,471,"63,825"
HOGAN,50788.00,371,82.40%,488,"61,651"
BROCK,50742.00,372,85.00%,502,"59,682"
YATES,50723.00,373,82.60%,491,"61,400"
COCHRAN,50680.00,374,87.00%,514,"58,233"
LARSEN,50654.00,375,95.60%,572,"52,963"
CONNER,50373.00,376,80.80%,480,"62,335"
LANG,50364.00,377,84.20%,499,"59,843"
DANIEL,50355.00,378,67.00%,380,"75,135"
HUBBARD,49975.00,379,73.50%,435,"68,021"
MAXWELL,49854.00,380,75.80%,458,"65,779"
WATERS,49540.00,381,75.30%,455,"65,817"
CANNON,49068.00,382,72.20%,436,"67,923"
PATTON,48942.00,383,75.60%,464,"64,772"
REESE,48915.00,384,68.20%,405,"71,754"
HARDY,48776.00,385,63.70%,374,"76,608"
GILL,48708.00,386,70.90%,430,"68,699"
MALONE,48341.00,387,69.80%,426,"69,257"
DRAKE,48331.00,388,81.80%,506,"59,055"
PRATT,48002.00,389,80.30%,500,"59,801"
STEVENSON,47956.00,390,65.80%,395,"72,892"
SHORT,47914.00,391,85.70%,536,"55,903"
WALL,47764.00,392,87.80%,557,"54,401"
FOLEY,47597.00,393,93.60%,605,"50,852"
SWEENEY,47442.00,394,92.10%,591,"51,500"
TOWNSEND,47192.00,395,70.60%,444,"66,853"
WILCOX,47173.00,396,85.80%,546,"54,987"
WILKINSON,47166.00,397,89.90%,576,"52,483"
HENSLEY,46986.00,398,94.20%,618,"49,858"
ABBOTT,46974.00,399,91.00%,588,"51,620"
FARRELL,46961.00,400,91.90%,599,"51,095"
SHEPHERD,46916.00,401,81.00%,515,"57,935"
SAUNDERS,46825.00,402,69.70%,439,"67,210"
MARTINEZ,46814.00,403,6.00%,11,"775,072"
NORMAN,46720.00,404,71.60%,461,"65,269"
MCGEE,46708.00,405,64.90%,404,"71,925"
BRYAN,46691.00,406,84.50%,542,"55,269"
MCBRIDE,46575.00,407,76.50%,495,"60,874"
BERG,46497.00,408,95.90%,637,"48,480"
COMBS,46463.00,409,87.40%,570,"53,180"
LOVE,46446.00,410,59.30%,363,"78,323"
BRENNAN,46350.00,411,96.00%,642,"48,296"
CAIN,46339.00,412,80.10%,516,"57,873"
CLINE,46305.00,413,94.20%,628,"49,167"
HUFFMAN,46196.00,414,92.90%,620,"49,737"
BALLARD,46111.00,415,77.30%,503,"59,660"
COBB,45937.00,416,72.10%,472,"63,739"
KIRBY,45898.00,417,87.50%,577,"52,473"
ONEILL,45873.00,418,94.30%,633,"48,656"
FRANCIS,45824.00,419,63.90%,406,"71,723"
KOCH,45815.00,420,96.90%,657,"47,286"
LLOYD,45810.00,421,74.90%,493,"61,154"
RUSSO,45787.00,422,95.10%,645,"48,126"
CAREY,45702.00,423,83.20%,547,"54,924"
CALLAHAN,45577.00,424,91.30%,617,"49,925"
MOODY,45505.00,425,73.00%,479,"62,344"
MORROW,45411.00,426,81.60%,538,"55,664"
UNDERWOOD,45338.00,427,81.00%,535,"55,973"
YORK,45030.00,428,87.70%,596,"51,334"
POPE,44991.00,429,72.90%,486,"61,750"
BOYER,44929.00,430,90.60%,622,"49,601"
HUFF,44671.00,431,82.90%,564,"53,892"
MORTON,44644.00,432,75.90%,509,"58,788"
SUMMERS,44634.00,433,80.60%,541,"55,391"
BRIGGS,44629.00,434,77.90%,522,"57,297"
HORN,44572.00,435,86.70%,593,"51,380"
KANE,44470.00,436,91.60%,636,"48,527"
WALTON,44416.00,437,62.60%,414,"70,997"
PHELPS,44412.00,438,86.80%,598,"51,154"
RODRIGUEZ,44394.00,439,5.50%,9,"804,240"
DALTON,44342.00,440,88.40%,615,"50,166"
PATRICK,44287.00,441,76.00%,513,"58,257"
CONLEY,44152.00,442,81.50%,562,"54,194"
KIRK,44117.00,443,84.70%,582,"52,056"
CURRY,44041.00,444,61.70%,410,"71,344"
HANCOCK,43741.00,445,88.70%,625,"49,330"
FLOYD,43577.00,446,67.90%,469,"64,141"
MACDONALD,43516.00,447,95.10%,685,"45,782"
YODER,43409.00,448,98.10%,707,"44,245"
LOGAN,43318.00,449,67.10%,465,"64,576"
LINDSEY,43237.00,450,70.60%,492,"61,199"
NICHOLSON,43109.00,451,77.00%,534,"55,986"
JACOBSON,43101.00,452,96.00%,695,"44,874"
GARRISON,43066.00,453,85.30%,611,"50,482"
WALTER,42934.00,454,90.20%,651,"47,615"
KLINE,42826.00,455,95.40%,694,"44,900"
ALLISON,42753.00,456,83.00%,590,"51,504"
SKINNER,42727.00,457,81.40%,575,"52,490"
SILVA,42492.00,458,33.70%,214,"126,164"
CHASE,42475.00,459,83.70%,606,"50,777"
INGRAM,42459.00,460,63.70%,446,"66,665"
GIBBS,42409.00,461,67.80%,478,"62,514"
BURNETT,42104.00,462,72.80%,517,"57,859"
ATKINSON,42082.00,463,81.70%,592,"51,489"
DILLON,42016.00,464,86.00%,631,"48,833"
VINCENT,41647.00,465,82.30%,608,"50,628"
HEATH,41619.00,466,82.70%,614,"50,307"
BRUCE,41525.00,467,79.80%,583,"52,004"
CARSON,41458.00,468,74.30%,537,"55,821"
STEIN,41420.00,469,95.60%,720,"43,331"
CLARKE,41368.00,470,66.10%,476,"62,546"
BOOTH,41366.00,471,85.20%,635,"48,580"
GREER,41297.00,472,75.60%,552,"54,611"
RICH,41295.00,473,87.00%,654,"47,477"
ODONNELL,41287.00,474,96.50%,728,"42,802"
HINES,41214.00,475,60.50%,432,"68,145"
HOOD,41157.00,476,76.60%,566,"53,737"
BANKS,41008.00,477,41.30%,278,"99,294"
POOLE,40986.00,478,74.90%,549,"54,706"
BERGER,40899.00,479,93.90%,716,"43,556"
CAMERON,40834.00,480,77.90%,578,"52,439"
BLANKENSHIP,40521.00,481,95.00%,731,"42,663"
MCCLURE,40324.00,482,86.70%,672,"46,505"
MASSEY,40313.00,483,75.40%,568,"53,459"
EATON,40250.00,484,86.70%,676,"46,403"
BARRY,40184.00,485,89.20%,691,"45,044"
RANDALL,40090.00,486,76.40%,574,"52,495"
DAVENPORT,40080.00,487,73.90%,561,"54,206"
TYLER,40072.00,488,64.10%,477,"62,534"
PARRISH,40010.00,489,81.90%,632,"48,823"
MELTON,39988.00,490,82.30%,634,"48,594"
DYER,39970.00,491,85.80%,671,"46,574"
WHITAKER,39888.00,492,73.40%,558,"54,343"
STOUT,39883.00,493,93.50%,730,"42,669"
BOND,39856.00,494,78.20%,603,"50,980"
ROY,39730.00,495,79.90%,621,"49,725"
SNOW,39635.00,496,86.70%,687,"45,689"
WYATT,39621.00,497,77.90%,604,"50,874"
SAWYER,39592.00,498,82.50%,646,"47,979"
KNAPP,39575.00,499,95.90%,760,"41,267"
BAXTER,39525.00,500,82.60%,647,"47,857"
HENSON,39366.00,501,84.50%,669,"46,609"
NOLAN,39348.00,502,88.60%,705,"44,421"
BARTLETT,39294.00,503,92.40%,735,"42,512"
SCHAEFER,39285.00,504,96.60%,773,"40,663"
MARKS,39277.00,505,81.40%,644,"48,281"
STARK,39230.00,506,93.70%,751,"41,863"
NIELSEN,39215.00,507,95.60%,765,"41,007"
CLAYTON,39203.00,508,71.40%,548,"54,875"
GATES,39142.00,509,77.10%,607,"50,748"
SEXTON,39101.00,510,92.90%,747,"42,080"
TATE,39088.00,511,58.20%,440,"67,208"
TANNER,39014.00,512,84.10%,675,"46,412"
BASS,38995.00,513,71.80%,559,"54,296"
MCKEE,38964.00,514,89.50%,717,"43,555"
MATHEWS,38918.00,515,76.90%,609,"50,608"
HERMAN,38871.00,516,92.30%,746,"42,091"
SHIELDS,38792.00,517,78.30%,623,"49,556"
STEPHENSON,38739.00,518,83.00%,668,"46,662"
REILLY,38726.00,519,96.10%,780,"40,310"
HURST,38572.00,520,86.50%,702,"44,587"
JOHNS,38422.00,521,81.20%,656,"47,289"
VANCE,38175.00,522,83.40%,686,"45,763"
RICHARD,38160.00,523,73.20%,581,"52,138"
HOBBS,38154.00,524,80.80%,659,"47,220"
BUCK,38137.00,525,89.90%,737,"42,441"
KERR,38136.00,526,89.20%,729,"42,758"
GRIMES,38125.00,527,77.40%,626,"49,245"
BROWNING,37947.00,528,89.00%,732,"42,642"
KEITH,37945.00,529,81.20%,663,"46,747"
COLLIER,37872.00,530,69.60%,556,"54,414"
MCKENZIE,37832.00,531,68.70%,544,"55,084"
MORSE,37638.00,532,91.50%,762,"41,112"
CONRAD,37539.00,533,93.60%,786,"40,102"
HUTCHINSON,37482.00,534,78.40%,649,"47,809"
HOWE,37412.00,535,92.30%,775,"40,555"
SAVAGE,37359.00,536,77.20%,640,"48,367"
HAMPTON,37358.00,537,56.30%,451,"66,378"
BOYLE,37192.00,538,95.00%,802,"39,141"
DONOVAN,37145.00,539,94.60%,799,"39,270"
HEBERT,37056.00,540,92.00%,781,"40,283"
MAYER,36979.00,541,94.50%,803,"39,111"
COPELAND,36871.00,542,68.60%,565,"53,771"
NASH,36858.00,543,72.20%,601,"51,021"
BRIDGES,36822.00,544,70.50%,579,"52,260"
STAFFORD,36796.00,545,81.10%,689,"45,349"
GOLDEN,36731.00,546,76.80%,648,"47,839"
KENT,36659.00,547,86.10%,733,"42,597"
MCMAHON,36571.00,548,94.80%,819,"38,557"
ROACH,36559.00,549,82.20%,704,"44,454"
WILKINS,36556.00,550,65.20%,532,"56,068"
MAHONEY,36529.00,551,92.60%,795,"39,440"
PECK,36431.00,552,92.40%,796,"39,432"
HULL,36382.00,553,87.30%,754,"41,656"
LOPEZ,36360.00,554,5.90%,21,"621,536"
DOUGHERTY,36341.00,555,95.90%,829,"37,903"
BEARD,36331.00,556,77.10%,660,"47,128"
CONWAY,36300.00,557,83.70%,719,"43,395"
CASE,36259.00,558,93.50%,813,"38,759"
LEACH,36099.00,559,82.70%,714,"43,666"
BARR,36063.00,560,85.00%,738,"42,432"
LEBLANC,36049.00,561,88.10%,767,"40,923"
PENNINGTON,36047.00,562,89.40%,779,"40,339"
HODGE,35960.00,563,71.10%,610,"50,577"
HURLEY,35814.00,564,91.90%,808,"38,971"
ORR,35728.00,565,81.80%,714,"43,666"
FROST,35712.00,566,88.00%,774,"40,582"
STOKES,35670.00,567,60.80%,510,"58,687"
CHRISTIAN,35665.00,568,69.70%,597,"51,177"
GENTRY,35626.00,569,84.10%,741,"42,357"
KRUEGER,35615.00,570,97.10%,863,"36,694"
MEADOWS,35564.00,571,82.90%,725,"42,884"
FRIEDMAN,35559.00,572,96.50%,857,"36,833"
MCCONNELL,35502.00,573,90.60%,800,"39,203"
HUBER,35488.00,574,96.60%,861,"36,729"
WINTERS,35487.00,575,81.10%,712,"43,762"
WEEKS,35322.00,576,86.00%,764,"41,053"
GLOVER,35241.00,577,54.90%,468,"64,180"
HAHN,35148.00,578,91.60%,822,"38,354"
HUMPHREY,35142.00,579,74.00%,655,"47,470"
DUFFY,34974.00,580,92.10%,827,"37,962"
ATKINS,34967.00,581,70.30%,619,"49,754"
PITTMAN,34959.00,582,66.30%,573,"52,689"
MONROE,34876.00,583,65.20%,567,"53,475"
BRADFORD,34796.00,584,67.30%,586,"51,726"
FRY,34764.00,585,92.60%,838,"37,542"
SHANNON,34750.00,586,77.40%,693,"44,902"
BENDER,34698.00,587,90.20%,821,"38,464"
BUCKLEY,34686.00,588,85.20%,772,"40,706"
SLOAN,34632.00,589,81.90%,743,"42,281"
GILLESPIE,34600.00,590,83.60%,758,"41,393"
MOYER,34578.00,591,94.90%,871,"36,421"
PRESTON,34498.00,592,75.20%,681,"45,850"
MERRITT,34465.00,593,77.20%,701,"44,626"
FITZPATRICK,34413.00,594,87.10%,794,"39,501"
MCINTYRE,34363.00,595,81.20%,742,"42,335"
OCONNELL,34339.00,596,96.40%,886,"35,610"
MCDOWELL,34323.00,597,72.20%,652,"47,526"
SCHMITT,34203.00,598,96.80%,898,"35,326"
NOVAK,34167.00,599,96.80%,899,"35,282"
LESTER,34134.00,600,77.70%,709,"43,919"
RASMUSSEN,34042.00,601,96.00%,893,"35,453"
BRANDT,34035.00,602,95.60%,885,"35,616"
MICHAEL,33999.00,603,86.40%,798,"39,369"
CRANE,33997.00,604,91.60%,848,"37,123"
BLACKBURN,33904.00,605,88.90%,826,"38,137"
HOLLOWAY,33685.00,606,60.70%,540,"55,466"
BLEVINS,33562.00,607,91.10%,856,"36,841"
MATHIS,33517.00,608,64.70%,585,"51,796"
MCCULLOUGH,33476.00,609,75.90%,708,"44,123"
GOULD,33363.00,610,88.60%,836,"37,660"
ENGLISH,33355.00,611,74.10%,692,"45,032"
HARRELL,33334.00,612,68.80%,638,"48,471"
KAUFMAN,33315.00,613,95.80%,911,"34,786"
BOONE,33245.00,614,64.30%,587,"51,679"
DICKERSON,33207.00,615,65.10%,602,"51,017"
KRAUSE,33170.00,616,96.60%,932,"34,345"
HARDIN,33148.00,617,79.60%,753,"41,664"
WERNER,33115.00,618,96.40%,931,"34,352"
FREDERICK,33085.00,619,82.90%,791,"39,909"
ANTHONY,33076.00,620,63.40%,580,"52,146"
WOODWARD,33071.00,621,91.30%,875,"36,242"
AYERS,33011.00,622,85.00%,812,"38,836"
KEMP,32971.00,623,73.80%,698,"44,701"
HAAS,32899.00,624,96.70%,941,"34,032"
BRADSHAW,32823.00,625,80.50%,769,"40,794"
SELLERS,32787.00,626,78.90%,755,"41,561"
HENDRICKS,32737.00,627,78.20%,749,"41,879"
MULLEN,32681.00,628,89.70%,867,"36,442"
MCGRATH,32639.00,629,95.90%,943,"34,031"
MCFARLAND,32537.00,630,80.80%,782,"40,244"
BENTLEY,32520.00,631,84.00%,814,"38,714"
NOBLE,32507.00,632,80.80%,784,"40,217"
GLASS,32331.00,633,79.40%,770,"40,724"
CHURCH,32291.00,634,90.90%,890,"35,539"
IRWIN,32284.00,635,93.90%,930,"34,374"
MCCARTY,32210.00,636,90.20%,881,"35,718"
LANDRY,32206.00,637,84.80%,828,"37,961"
CLEMENTS,32199.00,638,86.50%,843,"37,237"
HERNANDEZ,32140.00,639,4.60%,15,"706,372"
LYNN,32109.00,640,86.50%,847,"37,125"
GILMORE,32088.00,641,68.20%,661,"47,050"
WILEY,32079.00,642,67.50%,653,"47,503"
BLANCHARD,32007.00,643,87.10%,860,"36,764"
ANDERSEN,32003.00,644,95.50%,954,"33,508"
DURHAM,31986.00,645,75.50%,740,"42,365"
PITTS,31941.00,646,65.90%,639,"48,462"
PRUITT,31902.00,647,75.10%,736,"42,463"
LEVINE,31900.00,648,92.50%,926,"34,472"
COFFEY,31884.00,649,90.00%,894,"35,442"
BEASLEY,31873.00,650,69.00%,679,"46,179"
BAIRD,31871.00,651,93.10%,935,"34,233"
MACK,31797.00,652,47.30%,441,"67,154"
FARLEY,31764.00,653,85.60%,849,"37,116"
DAUGHERTY,31753.00,654,91.60%,921,"34,650"
ESTES,31728.00,655,88.50%,880,"35,839"
MAYNARD,31705.00,656,88.90%,884,"35,648"
MCCANN,31650.00,657,91.20%,916,"34,692"
CANTRELL,31595.00,658,91.10%,920,"34,674"
VAUGHAN,31588.00,659,84.00%,837,"37,591"
RAYMOND,31580.00,660,82.80%,825,"38,158"
WHITEHEAD,31560.00,661,72.90%,721,"43,310"
HARDING,31512.00,662,82.20%,823,"38,340"
FREY,31504.00,663,96.20%,972,"32,735"
BLACKWELL,31482.00,664,67.70%,673,"46,495"
GOOD,31435.00,665,91.30%,929,"34,430"
BRAUN,31359.00,666,96.00%,973,"32,676"
HATFIELD,31349.00,667,93.70%,956,"33,464"
GLENN,31337.00,668,63.60%,627,"49,241"
HOUSE,31301.00,669,77.30%,776,"40,477"
FRITZ,31299.00,670,94.70%,966,"33,068"
PRINCE,31266.00,671,70.00%,700,"44,640"
PACE,31211.00,672,80.10%,807,"38,975"
WILKERSON,31188.00,673,66.90%,670,"46,605"
HICKMAN,31170.00,674,77.50%,783,"40,224"
HANNA,31106.00,675,87.40%,887,"35,599"
DODSON,30991.00,676,83.10%,842,"37,298"
FRYE,30955.00,677,84.30%,862,"36,716"
COMPTON,30947.00,678,89.00%,910,"34,788"
RITTER,30928.00,679,94.10%,970,"32,864"
ONEAL,30909.00,680,67.00%,680,"46,161"
BEAN,30834.00,681,83.00%,846,"37,145"
KAISER,30821.00,682,94.60%,977,"32,567"
POTTS,30817.00,683,81.80%,832,"37,687"
HAYS,30744.00,684,92.60%,964,"33,194"
LUTZ,30720.00,685,96.20%,996,"31,940"
SHEA,30703.00,686,95.70%,990,"32,069"
ROWLAND,30607.00,687,88.70%,925,"34,498"
LIVINGSTON,30596.00,688,74.70%,766,"40,964"
BIRD,30576.00,689,90.00%,944,"33,962"
STUART,30492.00,690,85.40%,883,"35,701"
MOONEY,30445.00,691,92.40%,968,"32,953"
FLOWERS,30357.00,692,55.90%,560,"54,277"
SHEPARD,30356.00,693,78.40%,815,"38,705"
MCKAY,30356.00,693,82.20%,853,"36,948"
HALEY,30338.00,695,83.30%,869,"36,433"
RIGGS,30292.00,696,89.40%,947,"33,868"
JOYCE,30229.00,697,89.30%,948,"33,843"
LEHMAN,30157.00,698,96.40%,1023,"31,296"
STRONG,30140.00,699,69.40%,718,"43,430"
MADDEN,29887.00,700,86.70%,926,"34,472"
DUNLAP,29881.00,701,77.60%,820,"38,516"
WHITNEY,29836.00,702,87.10%,934,"34,251"
HAYDEN,29821.00,703,82.80%,878,"36,024"
OSBORN,29711.00,704,92.70%,991,"32,044"
SMALL,29633.00,705,64.60%,681,"45,850"
JARVIS,29630.00,706,87.00%,939,"34,050"
MOON,29624.00,707,70.40%,748,"42,062"
DONNELLY,29515.00,708,95.50%,1036,"30,919"
HOUSTON,29514.00,709,54.60%,563,"54,026"
KATZ,29488.00,710,96.30%,1045,"30,615"
DUKE,29480.00,711,87.40%,952,"33,745"
MCINTOSH,29442.00,712,72.80%,777,"40,453"
SNIDER,29442.00,712,93.70%,1018,"31,418"
DAVIES,29380.00,714,91.30%,988,"32,165"
COSTA,29362.00,715,83.40%,900,"35,227"
RIDDLE,29336.00,716,89.80%,975,"32,654"
LOWERY,29315.00,717,70.40%,752,"41,670"
DONAHUE,29301.00,718,93.80%,1026,"31,251"
VOGEL,29294.00,719,96.40%,1052,"30,388"
LEVY,29293.00,720,82.60%,892,"35,464"
STANTON,29273.00,721,84.10%,909,"34,812"
MCCLAIN,29250.00,722,64.20%,688,"45,560"
KUHN,29216.00,723,96.30%,1053,"30,342"
GOLDSTEIN,29200.00,724,96.00%,1050,"30,429"
WITT,29177.00,725,93.00%,1020,"31,360"
SHOEMAKER,29163.00,726,94.80%,1040,"30,756"
MERRILL,29135.00,727,91.70%,1007,"31,758"
PEREZ,29067.00,728,6.00%,29,"488,521"
WINTER,29065.00,729,94.60%,1043,"30,721"
HANEY,29040.00,730,89.00%,976,"32,644"
GOLDBERG,28916.00,731,96.50%,1069,"29,968"
ODELL,28874.00,732,93.30%,1034,"30,951"
FAULKNER,28870.00,733,81.60%,896,"35,389"
MCLEAN,28855.00,734,70.60%,768,"40,871"
RUSH,28811.00,735,76.90%,839,"37,470"
BRAY,28721.00,736,83.10%,923,"34,575"
COSTELLO,28705.00,737,91.80%,1025,"31,266"
DOWNS,28701.00,738,85.70%,955,"33,494"
ROBERSON,28647.00,739,53.80%,569,"53,198"
BURCH,28623.00,740,80.60%,891,"35,521"
GORMAN,28620.00,741,91.50%,1024,"31,285"
CARVER,28611.00,742,90.60%,1014,"31,566"
LANGE,28505.00,743,95.10%,1068,"29,977"
GONZALEZ,28451.00,744,4.80%,23,"597,718"
WORKMAN,28435.00,745,91.30%,1029,"31,151"
JOSEPH,28395.00,746,35.50%,356,"80,030"
MALONEY,28374.00,747,93.20%,1048,"30,434"
ELLISON,28362.00,748,68.40%,756,"41,459"
GUTHRIE,28352.00,749,89.90%,1015,"31,530"
KAPLAN,28328.00,750,96.30%,1090,"29,410"
MERCER,28302.00,751,83.70%,949,"33,797"
GOFF,28295.00,752,89.00%,1001,"31,806"
DALY,28258.00,753,92.90%,1048,"30,434"
CRAMER,28248.00,754,95.20%,1077,"29,666"
MCCALL,28223.00,755,68.50%,761,"41,231"
MOSER,28217.00,756,95.70%,1085,"29,485"
KNOX,28214.00,757,65.70%,724,"42,937"
MIDDLETON,28211.00,758,69.30%,771,"40,708"
CROSBY,28209.00,759,72.60%,811,"38,844"
CARNEY,28189.00,760,87.30%,984,"32,282"
RICHTER,28172.00,761,96.40%,1096,"29,233"
WOODARD,28014.00,762,62.50%,696,"44,830"
SPEARS,27957.00,763,69.50%,785,"40,203"
HOOPER,27922.00,764,81.90%,936,"34,084"
HERRING,27918.00,765,74.70%,841,"37,353"
SANFORD,27887.00,766,78.40%,888,"35,565"
CROWLEY,27828.00,767,91.50%,1051,"30,416"
KESSLER,27827.00,768,96.40%,1112,"28,869"
WALLS,27796.00,769,71.00%,801,"39,166"
BYRNE,27787.00,770,95.90%,1106,"28,963"
CONNOLLY,27760.00,771,96.30%,1116,"28,821"
MCDERMOTT,27753.00,772,94.30%,1086,"29,440"
EVERETT,27726.00,773,71.60%,816,"38,702"
WIGGINS,27674.00,774,57.20%,641,"48,355"
BULLOCK,27589.00,775,64.10%,722,"43,021"
HENDRICKSON,27576.00,776,93.50%,1084,"29,496"
CHILDERS,27573.00,777,91.70%,1063,"30,079"
HELMS,27572.00,778,92.80%,1074,"29,727"
MCMILLAN,27569.00,779,70.90%,810,"38,896"
FINK,27564.00,780,97.00%,1128,"28,417"
FINLEY,27560.00,781,74.70%,854,"36,874"
ASHLEY,27533.00,782,74.40%,852,"37,021"
MCCABE,27445.00,783,93.00%,1083,"29,523"
PEARCE,27421.00,784,90.60%,1054,"30,276"
HARTLEY,27418.00,785,90.70%,1055,"30,236"
ARCHER,27364.00,786,81.90%,958,"33,411"
HENDRIX,27345.00,787,80.40%,941,"34,032"
BEACH,27284.00,788,91.10%,1071,"29,940"
AVERY,27215.00,789,72.70%,840,"37,440"
LANCASTER,27215.00,789,85.90%,1009,"31,686"
BEST,27178.00,791,73.70%,855,"36,862"
JUSTICE,27155.00,792,87.70%,1032,"30,956"
HICKEY,27139.00,793,93.70%,1105,"28,970"
WELSH,27128.00,794,92.90%,1097,"29,217"
DICKSON,27123.00,795,78.20%,915,"34,698"
TRACY,27117.00,796,92.50%,1093,"29,316"
KINNEY,27111.00,797,87.60%,1032,"30,956"
PUGH,26999.00,798,69.80%,817,"38,691"
HOLDEN,26862.00,799,78.90%,940,"34,041"
MARINO,26789.00,800,87.20%,1042,"30,735"
SOLOMON,26787.00,801,62.50%,726,"42,839"
MCPHERSON,26733.00,802,76.90%,913,"34,763"
FLANAGAN,26701.00,803,90.30%,1079,"29,563"
CALHOUN,26687.00,804,64.40%,757,"41,452"
HORNE,26650.00,805,73.40%,873,"36,288"
DELANEY,26647.00,806,85.30%,1027,"31,236"
SPRINGER,26589.00,807,85.60%,1031,"31,044"
SEARS,26579.00,808,84.70%,1019,"31,387"
HAINES,26551.00,809,91.40%,1102,"29,065"
BENTON,26511.00,810,71.60%,851,"37,032"
RICHMOND,26511.00,810,74.20%,882,"35,715"
RITCHIE,26446.00,812,93.10%,1131,"28,397"
DONALDSON,26434.00,813,74.70%,897,"35,387"
GILES,26361.00,814,67.60%,805,"39,002"
COWAN,26332.00,815,81.70%,985,"32,242"
HESTER,26301.00,816,75.90%,919,"34,675"
DOLAN,26249.00,817,96.30%,1179,"27,252"
KERN,26186.00,818,94.80%,1162,"27,634"
CROWE,26173.00,819,89.40%,1095,"29,260"
ENGLAND,26113.00,820,90.50%,1113,"28,861"
SPENCE,26078.00,821,75.70%,928,"34,435"
TUTTLE,26005.00,822,94.70%,1169,"27,460"
VALENTINE,25980.00,823,69.00%,834,"37,669"
PETTY,25976.00,824,75.80%,933,"34,278"
DOHERTY,25972.00,825,96.30%,1191,"26,978"
BYERS,25950.00,826,82.90%,1022,"31,299"
EWING,25905.00,827,78.70%,969,"32,925"
EMERSON,25902.00,828,86.30%,1066,"30,028"
COOLEY,25881.00,829,80.20%,983,"32,287"
HOLCOMB,25867.00,830,90.20%,1120,"28,668"
KENDALL,25848.00,831,87.50%,1082,"29,524"
LAKE,25840.00,832,83.60%,1035,"30,924"
DODD,25747.00,833,85.70%,1065,"30,029"
SLATER,25719.00,834,81.50%,1013,"31,569"
SORENSEN,25658.00,835,96.10%,1201,"26,705"
COOKE,25647.00,836,80.50%,1000,"31,860"
CLAY,25630.00,837,55.40%,677,"46,264"
GUSTAFSON,25619.00,838,96.90%,1213,"26,433"
LYON,25579.00,839,93.60%,1175,"27,337"
NEWELL,25539.00,840,81.50%,1021,"31,317"
SANCHEZ,25460.00,841,5.80%,33,"441,242"
CAMP,25453.00,842,86.50%,1087,"29,432"
CRAFT,25408.00,843,82.90%,1044,"30,653"
BARLOW,25389.00,844,82.60%,1041,"30,749"
SWEET,25381.00,845,87.90%,1111,"28,872"
TRAVIS,25351.00,846,76.00%,960,"33,339"
MADDOX,25304.00,847,72.40%,906,"34,970"
DAVID,25240.00,848,65.30%,818,"38,659"
SHEEHAN,25235.00,849,96.70%,1233,"26,107"
HYDE,25206.00,850,88.10%,1121,"28,604"
PUCKETT,25186.00,851,90.30%,1153,"27,891"
BOGGS,25143.00,852,90.40%,1156,"27,822"
WALLER,25138.00,853,71.80%,904,"35,001"
ONEIL,25128.00,854,89.70%,1145,"28,020"
DWYER,25116.00,855,93.90%,1197,"26,759"
PROCTOR,25068.00,856,72.30%,918,"34,682"
ALBERT,25039.00,857,80.40%,1028,"31,159"
SINGLETON,25033.00,858,48.30%,584,"51,797"
MCNAMARA,25028.00,859,96.60%,1245,"25,896"
SHEPPARD,25019.00,860,70.40%,889,"35,554"
MCKENNA,25018.00,861,95.50%,1226,"26,189"
CHAMBERLAIN,24987.00,862,89.50%,1151,"27,928"
GIBBONS,24870.00,863,85.80%,1104,"28,993"
BARRON,24863.00,864,53.80%,678,"46,196"
FRANKS,24853.00,865,84.20%,1080,"29,531"
HASTINGS,24840.00,866,91.30%,1183,"27,201"
HOLDER,24765.00,867,76.30%,978,"32,466"
FERRELL,24758.00,868,77.00%,987,"32,174"
CRABTREE,24692.00,869,95.20%,1244,"25,929"
MCGOWAN,24689.00,870,78.00%,1010,"31,669"
BERNARD,24617.00,871,67.40%,864,"36,546"
PARK,24616.00,872,30.10%,343,"81,890"
DAILEY,24613.00,873,79.70%,1038,"30,894"
HEWITT,24583.00,874,85.20%,1114,"28,857"
SUTHERLAND,24578.00,875,86.50%,1128,"28,417"
KIDD,24546.00,876,77.00%,998,"31,886"
PIKE,24458.00,877,93.80%,1235,"26,086"
CASSIDY,24414.00,878,93.90%,1240,"26,011"
SWARTZ,24373.00,879,96.30%,1276,"25,307"
SHAFER,24351.00,880,95.50%,1264,"25,498"
GALLOWAY,24350.00,881,72.10%,951,"33,773"
OTT,24289.00,882,95.30%,1265,"25,492"
ROMANO,24280.00,883,88.60%,1171,"27,401"
KENNEY,24217.00,884,89.10%,1184,"27,189"
BOLTON,24172.00,885,75.50%,994,"31,995"
HELLER,24171.00,886,95.30%,1274,"25,371"
FARRIS,24169.00,887,83.50%,1108,"28,928"
ROSENBERG,24169.00,887,95.60%,1280,"25,271"
FINCH,24140.00,889,81.30%,1076,"29,703"
GAY,24115.00,890,73.80%,974,"32,672"
STARR,24077.00,891,85.30%,1135,"28,210"
HOPPER,24058.00,892,89.20%,1192,"26,956"
BOWLING,24055.00,893,92.70%,1243,"25,938"
WARE,24041.00,894,51.50%,667,"46,682"
ODOM,24040.00,895,71.30%,953,"33,717"
MULLER,24024.00,896,89.80%,1198,"26,744"
MEIER,23973.00,897,96.30%,1298,"24,886"
ROLLINS,23949.00,898,70.90%,949,"33,797"
DICKINSON,23930.00,899,91.50%,1230,"26,144"
FORBES,23926.00,900,74.20%,986,"32,228"
DEMPSEY,23926.00,900,90.60%,1215,"26,403"
SHAPIRO,23897.00,902,96.70%,1306,"24,712"
DUDLEY,23880.00,903,68.70%,912,"34,770"
ROSSI,23879.00,904,93.60%,1263,"25,512"
CHANEY,23864.00,905,73.60%,979,"32,433"
PIERSON,23853.00,906,86.00%,1158,"27,730"
LINDSAY,23843.00,907,75.10%,1008,"31,744"
KIRKPATRICK,23825.00,908,91.10%,1229,"26,155"
SCHUMACHER,23819.00,909,96.90%,1315,"24,573"
DENTON,23802.00,910,87.80%,1187,"27,112"
MCGINNIS,23718.00,911,89.20%,1207,"26,578"
PATE,23717.00,912,82.30%,1117,"28,804"
CURRAN,23687.00,913,96.40%,1317,"24,559"
SARGENT,23662.00,914,87.60%,1190,"27,024"
ZIEGLER,23620.00,915,94.00%,1289,"25,138"
NIXON,23590.00,916,65.50%,877,"36,037"
ACKERMAN,23589.00,917,94.90%,1300,"24,862"
CONNOR,23526.00,918,83.70%,1138,"28,107"
RATLIFF,23488.00,919,80.60%,1099,"29,142"
SINGER,23461.00,920,91.60%,1261,"25,599"
BRIGHT,23458.00,921,73.20%,992,"32,042"
DOWNEY,23447.00,922,89.50%,1225,"26,206"
GLEASON,23419.00,923,93.60%,1293,"25,007"
DYE,23392.00,924,84.70%,1163,"27,627"
SAMPSON,23376.00,925,62.80%,844,"37,234"
COUCH,23367.00,926,89.40%,1231,"26,135"
FULTON,23339.00,927,74.10%,1017,"31,513"
COFFMAN,23298.00,928,94.20%,1304,"24,733"
DALE,23273.00,929,80.30%,1103,"28,994"
ELDER,23219.00,930,80.70%,1118,"28,783"
FUNK,23200.00,931,96.50%,1351,"24,032"
STERN,23193.00,932,94.20%,1311,"24,618"
WORLEY,23166.00,933,91.20%,1271,"25,407"
COURTNEY,23148.00,934,86.80%,1202,"26,668"
RUTHERFORD,23133.00,935,84.00%,1167,"27,539"
RANDOLPH,23130.00,936,58.20%,792,"39,742"
SHIRLEY,23120.00,937,84.70%,1176,"27,300"
CASH,23086.00,938,80.80%,1123,"28,572"
MCALLISTER,23026.00,939,80.50%,1122,"28,586"
HAMM,23006.00,940,87.20%,1216,"26,392"
SCHAFER,23004.00,941,96.60%,1366,"23,804"
FISH,23000.00,942,93.50%,1314,"24,612"
DOWNING,22947.00,943,82.30%,1154,"27,879"
BELCHER,22931.00,944,82.10%,1149,"27,947"
BRUNO,22917.00,945,79.80%,1119,"28,729"
KNOWLES,22903.00,946,83.60%,1174,"27,380"
BRITT,22880.00,947,75.80%,1059,"30,200"
SCHULZ,22864.00,948,96.60%,1374,"23,676"
EMERY,22847.00,949,90.20%,1275,"25,338"
ALBRIGHT,22847.00,949,91.60%,1297,"24,942"
HELTON,22834.00,951,92.70%,1310,"24,624"
HOLMAN,22775.00,952,72.30%,1016,"31,514"
ROE,22770.00,953,92.20%,1307,"24,699"
KEY,22735.00,954,71.30%,999,"31,882"
HILTON,22700.00,955,80.80%,1139,"28,098"
HATCH,22683.00,956,88.70%,1262,"25,564"
LUND,22676.00,957,94.50%,1354,"24,001"
DEWITT,22651.00,958,89.00%,1268,"25,448"
BACON,22617.00,959,77.20%,1094,"29,312"
RANKIN,22604.00,960,80.80%,1148,"27,989"
LANGLEY,22600.00,961,85.10%,1208,"26,560"
BLOOM,22544.00,962,94.40%,1362,"23,879"
KURTZ,22478.00,963,95.70%,1383,"23,488"
PADGETT,22426.00,964,90.20%,1301,"24,854"
MAYS,22411.00,965,57.60%,809,"38,914"
FIELD,22402.00,966,91.90%,1329,"24,374"
AKERS,22383.00,967,91.90%,1330,"24,353"
DOTSON,22351.00,968,70.30%,1004,"31,784"
FELDMAN,22351.00,968,96.40%,1401,"23,195"
GOLDMAN,22345.00,970,92.80%,1348,"24,086"
SCHMITZ,22345.00,970,97.20%,1423,"22,984"
WHALEN,22311.00,972,94.40%,1377,"23,642"
GODFREY,22290.00,973,80.50%,1159,"27,700"
MAYO,22211.00,974,67.10%,965,"33,126"
WEBBER,22207.00,975,84.80%,1228,"26,178"
POLLARD,22185.00,976,65.10%,937,"34,079"
HAGEN,22086.00,977,95.30%,1403,"23,175"
TIPTON,22080.00,978,89.20%,1303,"24,767"
ELKINS,22080.00,978,92.20%,1356,"23,953"
CROUCH,22079.00,980,91.40%,1342,"24,146"
LOCKE,22077.00,981,83.30%,1210,"26,516"
CONKLIN,22055.00,982,94.40%,1390,"23,371"
WILLS,22025.00,983,78.60%,1143,"28,036"
DRISCOLL,22021.00,984,95.50%,1413,"23,063"
POST,22020.00,985,95.10%,1406,"23,155"
SIMONS,22014.00,986,87.10%,1281,"25,266"
THOMSON,22010.00,987,91.00%,1341,"24,174"
SWENSON,21977.00,988,96.60%,1442,"22,762"
STEINER,21966.00,989,96.00%,1432,"22,874"
ARTHUR,21964.00,990,80.20%,1172,"27,383"
STOVER,21908.00,991,89.00%,1313,"24,613"
ROSEN,21896.00,992,96.20%,1441,"22,763"
CHRISTOPHER,21866.00,993,76.70%,1124,"28,493"
HEAD,21864.00,994,80.30%,1180,"27,218"
SANTOS,21709.00,995,21.90%,279,"98,993"
HORNER,21672.00,996,93.00%,1393,"23,308"
HOLBROOK,21643.00,997,92.80%,1392,"23,317"
MEEKS,21629.00,998,76.10%,1126,"28,426"
KIMBALL,21627.00,999,94.10%,1421,"22,990"
EGAN,21618.00,1000,96.10%,1458,"22,491"
GREGG,21585.00,1001,84.80%,1267,"25,457"
NEFF,21541.00,1002,95.70%,1455,"22,509"
WOODRUFF,21513.00,1003,83.90%,1258,"25,626"
HUTCHISON,21510.00,1004,92.00%,1389,"23,391"
MAHER,21484.00,1005,95.50%,1456,"22,503"
MACKEY,21471.00,1006,72.20%,1075,"29,718"
MCLEOD,21438.00,1007,72.90%,1088,"29,423"
ESPOSITO,21430.00,1008,94.60%,1446,"22,651"
STAHL,21385.00,1009,96.50%,1471,"22,163"
BRITTON,21368.00,1010,76.30%,1147,"28,001"
MASTERS,21364.00,1011,92.50%,1412,"23,106"
PRITCHARD,21326.00,1012,90.30%,1378,"23,606"
MOSES,21323.00,1013,57.90%,858,"36,814"
CONNELLY,21298.00,1014,93.60%,1443,"22,747"
ROBISON,21266.00,1015,89.40%,1367,"23,785"
YEAGER,21255.00,1016,95.00%,1463,"22,374"
CORBETT,21244.00,1017,82.60%,1252,"25,722"
LOWRY,21232.00,1018,86.60%,1323,"24,506"
LUDWIG,21222.00,1019,96.50%,1485,"21,994"
SPRAGUE,21184.00,1020,95.10%,1466,"22,283"
LAW,21167.00,1021,68.50%,1037,"30,900"
INMAN,21074.00,1022,89.80%,1386,"23,460"
CHERRY,21070.00,1023,60.90%,922,"34,615"
SIEGEL,21060.00,1024,96.90%,1514,"21,725"
GOSS,21023.00,1025,82.60%,1266,"25,464"
MCMANUS,20995.00,1026,91.70%,1430,"22,903"
TOMLINSON,20983.00,1027,87.00%,1345,"24,110"
WILDER,20980.00,1028,69.90%,1067,"30,023"
CROW,20944.00,1029,90.90%,1416,"23,031"
GROVES,20905.00,1030,86.20%,1336,"24,260"
LORD,20887.00,1031,89.90%,1399,"23,221"
OTTO,20861.00,1032,94.80%,1483,"22,001"
GRIMM,20861.00,1032,95.90%,1510,"21,757"
BABCOCK,20855.00,1034,95.80%,1508,"21,769"
OLEARY,20837.00,1035,95.10%,1496,"21,904"
BEATTY,20817.00,1036,82.50%,1283,"25,245"
WINKLER,20803.00,1037,95.50%,1505,"21,783"
PAINTER,20778.00,1038,95.60%,1514,"21,725"
ENGEL,20767.00,1039,96.30%,1530,"21,567"
METCALF,20753.00,1040,88.20%,1381,"23,540"
KOENIG,20750.00,1041,96.00%,1527,"21,606"
CONNELL,20743.00,1042,93.50%,1470,"22,183"
MCDONOUGH,20740.00,1043,97.20%,1542,"21,340"
SEYMOUR,20736.00,1044,84.90%,1327,"24,427"
JEWELL,20731.00,1045,89.60%,1407,"23,143"
SELF,20723.00,1046,90.30%,1426,"22,954"
BURT,20722.00,1047,80.80%,1256,"25,649"
HAMMER,20694.00,1048,94.30%,1491,"21,947"
RUBIN,20686.00,1049,90.10%,1425,"22,969"
PICKETT,20684.00,1050,67.70%,1046,"30,552"
CLEVELAND,20670.00,1051,68.40%,1056,"30,233"
SANDERSON,20667.00,1052,88.10%,1384,"23,469"
STRATTON,20664.00,1053,91.80%,1457,"22,498"
HINKLE,20648.00,1054,91.40%,1449,"22,581"
KRAFT,20645.00,1055,95.70%,1528,"21,579"
BOWER,20628.00,1056,95.00%,1516,"21,705"
DEVINE,20609.00,1057,89.50%,1417,"23,016"
HUTCHINS,20588.00,1058,80.30%,1257,"25,633"
MORIN,20572.00,1059,73.00%,1136,"28,184"
MCCLELLAN,20551.00,1060,82.30%,1294,"24,986"
MEREDITH,20550.00,1061,85.90%,1358,"23,937"
DODGE,20547.00,1062,94.10%,1500,"21,833"
KIRKLAND,20534.00,1063,71.00%,1107,"28,937"
BINGHAM,20513.00,1064,84.30%,1332,"24,327"
POLLOCK,20513.00,1064,89.20%,1420,"22,994"
SHARPE,20504.00,1066,73.60%,1155,"27,862"
WOOTEN,20496.00,1067,67.90%,1060,"30,185"
ELDRIDGE,20493.00,1068,83.60%,1322,"24,510"
GARLAND,20487.00,1069,79.60%,1251,"25,725"
MCCAULEY,20473.00,1070,85.60%,1360,"23,926"
REGAN,20465.00,1071,94.60%,1525,"21,624"
CLIFTON,20455.00,1072,83.40%,1320,"24,523"
WOLFF,20396.00,1073,95.70%,1543,"21,321"
NICHOLAS,20386.00,1074,76.60%,1205,"26,628"
MEAD,20372.00,1075,92.90%,1494,"21,919"
DOOLEY,20370.00,1076,89.30%,1439,"22,798"
KAY,20360.00,1077,87.80%,1402,"23,189"
HEALY,20349.00,1078,95.10%,1540,"21,407"
GROVE,20332.00,1079,92.50%,1487,"21,969"
MANLEY,20301.00,1080,80.70%,1288,"25,159"
BLANTON,20243.00,1081,85.50%,1375,"23,665"
MCKNIGHT,20232.00,1082,62.50%,980,"32,386"
TOMPKINS,20218.00,1083,86.20%,1385,"23,468"
GREENBERG,20189.00,1084,96.60%,1574,"20,908"
BOYCE,20183.00,1085,76.90%,1223,"26,229"
FRASER,20168.00,1086,81.90%,1312,"24,616"
RUTLEDGE,20111.00,1087,77.30%,1241,"26,010"
BURRIS,20060.00,1088,77.20%,1242,"25,998"
GREENWOOD,20060.00,1088,82.50%,1334,"24,301"
GUNTER,20054.00,1090,84.30%,1368,"23,775"
BLOCK,20040.00,1091,92.40%,1518,"21,686"
SHERIDAN,20036.00,1092,92.50%,1521,"21,668"
CLIFFORD,20031.00,1093,91.20%,1486,"21,974"
CHARLES,20025.00,1094,38.90%,589,"51,518"
COTE,19968.00,1095,95.60%,1575,"20,894"
GEIGER,19959.00,1096,91.60%,1503,"21,785"
LINK,19949.00,1097,92.60%,1534,"21,553"
QUICK,19948.00,1098,82.80%,1347,"24,095"
KAUFFMAN,19940.00,1099,96.90%,1602,"20,576"
HATCHER,19925.00,1100,70.10%,1127,"28,424"
SINCLAIR,19914.00,1101,76.60%,1239,"26,014"
ERWIN,19873.00,1102,89.80%,1475,"22,120"
HAND,19857.00,1103,90.10%,1481,"22,034"
ALFORD,19845.00,1104,66.00%,1064,"30,050"
SHEETS,19828.00,1105,95.40%,1582,"20,786"
TALLEY,19811.00,1106,68.10%,1101,"29,082"
CORBIN,19796.00,1107,77.00%,1253,"25,696"
DUBOIS,19792.00,1108,88.10%,1459,"22,455"
DAHL,19787.00,1109,96.00%,1599,"20,616"
GAGNON,19748.00,1110,96.00%,1604,"20,567"
DICK,19727.00,1111,89.90%,1492,"21,933"
MAURER,19727.00,1111,97.00%,1616,"20,333"
DUGAN,19723.00,1113,92.70%,1547,"21,267"
DICKEY,19713.00,1114,84.20%,1388,"23,401"
METZGER,19689.00,1115,96.60%,1613,"20,386"
CLEMENT,19676.00,1116,84.70%,1398,"23,233"
TORRES,19673.00,1117,6.10%,50,"325,169"
GRACE,19666.00,1118,73.60%,1200,"26,727"
GUY,19649.00,1119,70.30%,1150,"27,934"
HOLLEY,19630.00,1120,67.20%,1098,"29,215"
MAYFIELD,19620.00,1121,67.30%,1100,"29,136"
CHILDRESS,19549.00,1122,79.80%,1324,"24,485"
MCELROY,19545.00,1123,81.20%,1349,"24,064"
ELMORE,19521.00,1124,77.20%,1279,"25,280"
TEAGUE,19521.00,1124,82.30%,1371,"23,731"
HAGER,19501.00,1126,95.50%,1611,"20,422"
TERRELL,19477.00,1127,57.40%,946,"33,914"
HOYT,19460.00,1128,94.00%,1591,"20,707"
WHITLEY,19452.00,1129,74.60%,1236,"26,078"
BENJAMIN,19418.00,1130,53.30%,868,"36,439"
WILLARD,19406.00,1131,91.60%,1557,"21,183"
CARUSO,19400.00,1132,95.80%,1621,"20,257"
STILES,19398.00,1133,92.60%,1570,"20,957"
GONZALES,19393.00,1134,10.00%,110,"193,934"
SHERWOOD,19379.00,1135,92.30%,1567,"20,998"
BEAVER,19374.00,1136,88.20%,1488,"21,963"
LARKIN,19333.00,1137,84.00%,1418,"23,004"
GAMBLE,19306.00,1138,59.60%,981,"32,377"
KRUSE,19302.00,1139,96.40%,1637,"20,019"
PURCELL,19296.00,1140,88.90%,1517,"21,696"
CAHILL,19291.00,1141,95.60%,1625,"20,181"
PHIPPS,19284.00,1142,84.10%,1429,"22,919"
TOTH,19275.00,1143,96.80%,1649,"19,918"
FERRIS,19260.00,1144,92.90%,1585,"20,743"
WALDEN,19237.00,1145,79.70%,1343,"24,122"
HOLLINGSWORTH,19206.00,1146,82.50%,1396,"23,294"
VOSS,19203.00,1147,94.60%,1618,"20,291"
COKER,19184.00,1148,84.70%,1447,"22,636"
CORNELL,19152.00,1149,90.90%,1566,"21,060"
BUTCHER,19147.00,1150,86.70%,1478,"22,077"
JORGENSEN,19142.00,1151,96.20%,1650,"19,906"
GAINES,19117.00,1152,45.10%,739,"42,369"
MCFADDEN,19084.00,1153,63.20%,1058,"30,205"
MOSLEY,19082.00,1154,42.70%,699,"44,698"
NIX,19079.00,1155,83.60%,1437,"22,814"
PIPER,19072.00,1156,88.60%,1537,"21,526"
BOWLES,19063.00,1157,82.30%,1405,"23,157"
ROOT,19017.00,1158,95.10%,1641,"20,001"
STROUD,19013.00,1159,79.40%,1357,"23,946"
REECE,18942.00,1160,81.60%,1400,"23,216"
HERRON,18940.00,1161,73.50%,1248,"25,776"
SWIFT,18936.00,1162,79.90%,1372,"23,685"
MESSER,18925.00,1163,95.50%,1657,"19,819"
OHARA,18917.00,1164,89.80%,1565,"21,068"
DUNHAM,18916.00,1165,86.90%,1506,"21,772"
WILHELM,18901.00,1166,96.10%,1666,"19,664"
METZ,18879.00,1167,94.30%,1640,"20,010"
MEADE,18855.00,1168,88.70%,1548,"21,264"
URBAN,18852.00,1169,93.70%,1630,"20,117"
SCHAFFER,18844.00,1170,93.70%,1630,"20,117"
DRAPER,18840.00,1171,81.10%,1397,"23,242"
HERBERT,18820.00,1172,74.60%,1285,"25,224"
AMES,18819.00,1173,86.10%,1499,"21,855"
DALEY,18813.00,1174,81.30%,1408,"23,132"
NOEL,18790.00,1175,66.20%,1130,"28,401"
POE,18781.00,1176,82.10%,1433,"22,865"
STINSON,18775.00,1177,73.10%,1254,"25,694"
THACKER,18743.00,1178,91.30%,1607,"20,531"
BIGGS,18716.00,1179,82.70%,1448,"22,634"
HOLLIS,18702.00,1180,67.80%,1164,"27,597"
FINN,18665.00,1181,92.30%,1624,"20,218"
PEDERSEN,18661.00,1182,95.60%,1683,"19,510"
BERGERON,18633.00,1183,94.80%,1667,"19,655"
RAMEY,18617.00,1184,86.10%,1526,"21,618"
BARNHART,18583.00,1185,94.60%,1670,"19,642"
BURGER,18561.00,1186,94.40%,1668,"19,654"
BOUCHER,18551.00,1187,94.90%,1677,"19,554"
FOREMAN,18549.00,1188,68.40%,1186,"27,130"
SIZEMORE,18534.00,1189,94.50%,1674,"19,607"
COYLE,18532.00,1190,95.40%,1690,"19,424"
GRADY,18519.00,1191,73.70%,1290,"25,121"
BILLINGS,18519.00,1191,85.10%,1509,"21,764"
ABRAMS,18506.00,1193,74.10%,1295,"24,961"
CULLEN,18503.00,1194,94.10%,1665,"19,665"
GODWIN,18495.00,1195,83.80%,1480,"22,062"
MCGILL,18485.00,1196,70.10%,1218,"26,354"
HINTON,18474.00,1197,55.60%,962,"33,209"
PAULSON,18467.00,1198,95.70%,1705,"19,299"
CUMMINS,18446.00,1199,91.90%,1633,"20,072"
LESLIE,18428.00,1200,75.90%,1335,"24,266"
KOEHLER,18418.00,1201,96.70%,1725,"19,037"
MCNEIL,18388.00,1202,55.30%,961,"33,239"
LOVELL,18382.00,1203,89.10%,1596,"20,628"
WOMACK,18366.00,1204,68.30%,1194,"26,890"
MINER,18344.00,1205,88.90%,1597,"20,627"
LEVIN,18342.00,1206,96.20%,1721,"19,070"
DIAMOND,18330.00,1207,87.90%,1578,"20,860"
YOST,18297.00,1208,96.50%,1733,"18,959"
WASHBURN,18268.00,1209,93.70%,1685,"19,505"
MILLIGAN,18265.00,1210,83.50%,1497,"21,887"
ALDRIDGE,18233.00,1211,82.30%,1472,"22,160"
KEENAN,18215.00,1212,94.50%,1707,"19,275"
SMART,18208.00,1213,75.50%,1344,"24,114"
ENGLE,18198.00,1214,95.70%,1727,"19,022"
WHALEY,18174.00,1215,82.60%,1484,"22,000"
JACOBSEN,18155.00,1216,96.40%,1743,"18,831"
PEACOCK,18147.00,1217,86.00%,1564,"21,106"
SILVER,18136.00,1218,82.60%,1489,"21,956"
WESTON,18097.00,1219,73.30%,1308,"24,679"
CONNORS,18091.00,1220,93.60%,1703,"19,320"
DORSEY,18073.00,1221,44.00%,763,"41,104"
SWAN,18052.00,1222,81.70%,1477,"22,082"
CRONIN,18051.00,1223,96.50%,1756,"18,710"
CREWS,18010.00,1224,77.70%,1404,"23,167"
BARNARD,18008.00,1225,92.30%,1681,"19,517"
GORE,18002.00,1226,73.60%,1326,"24,449"
ROUSE,18001.00,1227,71.90%,1292,"25,022"
CHAPPELL,17980.00,1228,78.20%,1419,"23,001"
KILGORE,17979.00,1229,84.60%,1548,"21,264"
NOWAK,17978.00,1230,97.10%,1777,"18,515"
GIFFORD,17956.00,1231,93.70%,1716,"19,171"
WHITMAN,17955.00,1232,90.60%,1656,"19,827"
SPANGLER,17907.00,1233,96.00%,1761,"18,653"
DIEHL,17889.00,1234,96.50%,1772,"18,538"
BROUSSARD,17888.00,1235,69.50%,1249,"25,735"
DIETZ,17883.00,1236,96.30%,1768,"18,568"
CHRISTIANSEN,17869.00,1237,95.70%,1760,"18,676"
BONNER,17866.00,1238,56.30%,1005,"31,761"
EDDY,17853.00,1239,92.80%,1710,"19,230"
ERNST,17841.00,1240,96.30%,1775,"18,521"
SHELDON,17835.00,1241,92.70%,1708,"19,246"
TEMPLE,17828.00,1242,81.90%,1507,"21,771"
HOUSER,17821.00,1243,88.80%,1632,"20,078"
GILLIAM,17808.00,1244,63.40%,1141,"28,075"
MCCRACKEN,17806.00,1245,93.80%,1732,"18,975"
CHILDS,17761.00,1246,65.10%,1178,"27,266"
CROCKER,17754.00,1247,88.60%,1635,"20,047"
MCKINLEY,17752.00,1248,76.80%,1410,"23,124"
RIVERA,17728.00,1249,5.90%,59,"299,463"
CASTLE,17722.00,1250,89.60%,1661,"19,768"
BRAGG,17721.00,1251,82.30%,1536,"21,540"
GOODRICH,17717.00,1252,91.30%,1692,"19,399"
COULTER,17714.00,1253,87.50%,1622,"20,252"
TIDWELL,17711.00,1254,85.60%,1595,"20,681"
DAVISON,17702.00,1255,81.90%,1524,"21,627"
CAUDILL,17702.00,1255,96.50%,1799,"18,336"
YARBROUGH,17689.00,1257,73.50%,1350,"24,063"
LOCKHART,17674.00,1258,65.80%,1195,"26,844"
BOWDEN,17670.00,1259,74.60%,1373,"23,677"
PLUMMER,17665.00,1260,71.60%,1309,"24,665"
HAGAN,17614.00,1261,88.20%,1643,"19,973"
VICKERS,17597.00,1262,81.70%,1535,"21,544"
BUNCH,17591.00,1263,81.50%,1529,"21,574"
DREW,17575.00,1264,77.90%,1451,"22,555"
KOWALSKI,17572.00,1265,96.90%,1817,"18,134"
LANDIS,17564.00,1266,95.50%,1792,"18,388"
MCHUGH,17552.00,1267,96.40%,1813,"18,206"
NORTH,17544.00,1268,86.70%,1623,"20,238"
KENDRICK,17535.00,1269,66.80%,1222,"26,266"
TACKETT,17529.00,1270,95.60%,1800,"18,332"
THOMASON,17506.00,1271,89.50%,1678,"19,549"
KRAUS,17497.00,1272,96.60%,1820,"18,107"
MCGRAW,17489.00,1273,84.50%,1592,"20,704"
SHIPLEY,17482.00,1274,93.10%,1748,"18,770"
DUVALL,17475.00,1275,90.20%,1698,"19,369"
MAGEE,17472.00,1276,67.10%,1237,"26,031"
HOSKINS,17472.00,1276,74.80%,1391,"23,358"
BOSWELL,17456.00,1278,79.60%,1493,"21,927"
FLORES,17413.00,1279,5.60%,55,"312,615"
DEAL,17399.00,1280,86.40%,1629,"20,128"
RIZZO,17368.00,1281,94.20%,1784,"18,445"
BEYER,17339.00,1282,96.80%,1843,"17,910"
BASSETT,17312.00,1283,86.40%,1636,"20,032"
WADDELL,17295.00,1284,82.80%,1576,"20,885"
LAND,17290.00,1285,83.60%,1594,"20,687"
BERNSTEIN,17283.00,1286,96.20%,1834,"17,969"
LOCKWOOD,17257.00,1287,89.00%,1695,"19,386"
PETTIT,17250.00,1288,92.50%,1761,"18,653"
HEDRICK,17202.00,1289,93.70%,1795,"18,359"
SADLER,17201.00,1290,82.10%,1571,"20,939"
LEDFORD,17196.00,1291,94.20%,1807,"18,264"
HANLEY,17183.00,1292,89.70%,1718,"19,160"
GRIGGS,17168.00,1293,72.30%,1369,"23,756"
PUTNAM,17159.00,1294,95.40%,1831,"17,990"
GROSSMAN,17148.00,1295,96.30%,1854,"17,811"
RAMIREZ,17115.00,1296,4.40%,42,"388,987"
CARTWRIGHT,17115.00,1296,79.00%,1522,"21,654"
MINOR,17066.00,1298,57.60%,1078,"29,634"
CAPPS,17062.00,1299,94.70%,1830,"18,013"
LOTT,17060.00,1300,67.90%,1291,"25,118"
WISEMAN,17054.00,1301,90.70%,1745,"18,813"
LILLY,17046.00,1302,78.40%,1511,"21,742"
NEELY,17022.00,1303,73.00%,1393,"23,308"
COTTON,17020.00,1304,53.60%,1006,"31,759"
PRYOR,17005.00,1305,62.80%,1189,"27,065"
COLVIN,16996.00,1306,77.60%,1495,"21,908"
ASH,16995.00,1307,82.90%,1609,"20,500"
OGDEN,16995.00,1307,92.10%,1782,"18,461"
BRANDON,16968.00,1309,66.30%,1260,"25,600"
VOGT,16957.00,1310,95.60%,1863,"17,739"
GALLO,16951.00,1311,80.20%,1560,"21,149"
CARLTON,16948.00,1312,81.80%,1587,"20,727"
BERGMAN,16941.00,1313,95.90%,1868,"17,671"
MCMULLEN,16938.00,1314,84.70%,1642,"19,998"
LATHAM,16934.00,1315,80.90%,1572,"20,935"
FLAHERTY,16918.00,1316,96.60%,1881,"17,513"
RING,16906.00,1317,88.00%,1712,"19,222"
NANCE,16889.00,1318,73.80%,1431,"22,900"
LAYTON,16878.00,1319,89.90%,1746,"18,781"
STACY,16864.00,1320,91.30%,1782,"18,461"
IVEY,16828.00,1321,74.60%,1452,"22,552"
DILLARD,16824.00,1322,55.90%,1062,"30,118"
SWAIN,16821.00,1323,69.50%,1338,"24,220"
FORREST,16821.00,1323,76.00%,1474,"22,124"
DUNBAR,16818.00,1325,67.60%,1299,"24,871"
TRIPP,16818.00,1325,84.60%,1653,"19,886"
RHOADES,16798.00,1327,93.60%,1838,"17,952"
GOLD,16743.00,1328,91.80%,1810,"18,237"
COPE,16735.00,1329,92.40%,1819,"18,110"
ALBRECHT,16731.00,1330,97.00%,1914,"17,256"
DOTY,16719.00,1331,93.50%,1848,"17,874"
ZIMMER,16719.00,1331,96.60%,1907,"17,315"
DELONG,16710.00,1333,95.10%,1875,"17,575"
MOBLEY,16688.00,1334,60.40%,1160,"27,648"
WEIR,16677.00,1335,89.70%,1767,"18,588"
PELLETIER,16676.00,1336,96.60%,1911,"17,267"
VINSON,16630.00,1337,67.70%,1318,"24,557"
BULLARD,16627.00,1338,73.80%,1453,"22,539"
SKAGGS,16626.00,1339,94.60%,1876,"17,569"
RAINES,16610.00,1340,81.50%,1614,"20,373"
BAUMAN,16581.00,1341,95.70%,1904,"17,328"
LEDBETTER,16567.00,1342,86.20%,1712,"19,222"
BLUM,16565.00,1343,96.00%,1913,"17,262"
SCHUSTER,16549.00,1344,96.10%,1916,"17,221"
WINN,16548.00,1345,76.70%,1532,"21,566"
ECKERT,16548.00,1345,96.40%,1925,"17,161"
HYATT,16529.00,1347,89.90%,1791,"18,396"
HADLEY,16527.00,1348,79.80%,1590,"20,710"
SHULTZ,16523.00,1349,96.00%,1919,"17,204"
SNELL,16513.00,1350,77.90%,1556,"21,192"
MOHR,16513.00,1350,96.30%,1927,"17,153"
HATHAWAY,16506.00,1352,91.50%,1826,"18,041"
CORCORAN,16505.00,1353,95.30%,1905,"17,321"
OMALLEY,16499.00,1354,96.90%,1938,"17,027"
MANSFIELD,16495.00,1355,89.20%,1780,"18,498"
HOFF,16458.00,1356,94.50%,1893,"17,408"
ABEL,16452.00,1357,90.20%,1809,"18,243"
TOBIN,16445.00,1358,90.70%,1816,"18,135"
FARR,16438.00,1359,85.40%,1709,"19,242"
STERLING,16422.00,1360,67.50%,1333,"24,314"
BERMAN,16416.00,1361,94.60%,1901,"17,346"
KISER,16414.00,1362,92.80%,1865,"17,693"
THURMAN,16404.00,1363,72.70%,1450,"22,564"
LAIRD,16401.00,1364,91.00%,1828,"18,031"
BUCKNER,16386.00,1365,69.30%,1376,"23,645"
SHEARER,16348.00,1366,93.20%,1878,"17,545"
HINSON,16339.00,1367,84.70%,1706,"19,293"
BATEMAN,16330.00,1368,89.20%,1801,"18,313"
BRANCH,16266.00,1369,49.20%,967,"33,040"
PLATT,16235.00,1370,88.30%,1793,"18,376"
CROWDER,16213.00,1371,69.30%,1387,"23,409"
GRECO,16178.00,1372,95.10%,1941,"17,013"
WELLER,16168.00,1373,95.60%,1951,"16,916"
CARLISLE,16165.00,1374,82.00%,1663,"19,718"
CAGLE,16163.00,1375,93.00%,1898,"17,380"
HIRSCH,16162.00,1376,95.80%,1959,"16,864"
OKEEFE,16156.00,1377,96.00%,1966,"16,829"
MCGOVERN,16155.00,1378,96.50%,1979,"16,739"
FITCH,16154.00,1379,86.20%,1753,"18,740"
STORY,16146.00,1380,85.30%,1735,"18,935"
HANKINS,16113.00,1381,76.20%,1561,"21,138"
BUSCH,16112.00,1382,94.30%,1935,"17,089"
NAPIER,16091.00,1383,85.90%,1755,"18,726"
BUTTS,16087.00,1384,68.30%,1381,"23,540"
GOMEZ,16079.00,1385,6.10%,68,"263,590"
BENOIT,16072.00,1386,85.30%,1741,"18,842"
ROMERO,16054.00,1387,10.40%,154,"153,772"
REEDER,16043.00,1388,85.50%,1750,"18,768"
ALLRED,16031.00,1389,94.60%,1948,"16,951"
NEUMANN,16031.00,1389,96.00%,1992,"16,697"
MCWILLIAMS,16029.00,1391,79.60%,1628,"20,135"
MCCORMACK,16015.00,1392,93.80%,1936,"17,074"
KNUTSON,16015.00,1392,96.70%,2009,"16,560"
RICHEY,16010.00,1394,89.20%,1839,"17,950"
ULRICH,15997.00,1395,96.50%,2006,"16,575"
SUMNER,15993.00,1396,89.70%,1851,"17,837"
DARLING,15970.00,1397,89.40%,1849,"17,855"
ALDRICH,15955.00,1398,93.80%,1939,"17,017"
PAPPAS,15955.00,1398,95.20%,1977,"16,754"
BRAND,15954.00,1400,85.10%,1751,"18,750"
SCHRADER,15950.00,1401,96.90%,2021,"16,464"
ROCK,15943.00,1402,86.10%,1779,"18,510"
KEEN,15933.00,1403,92.00%,1906,"17,320"
CAVANAUGH,15932.00,1404,93.00%,1930,"17,137"
ROSENTHAL,15931.00,1405,94.40%,1956,"16,881"
SOUZA,15925.00,1406,79.00%,1627,"20,168"
QUIGLEY,15904.00,1407,94.60%,1973,"16,810"
SCHULTE,15902.00,1408,97.40%,2037,"16,327"
KOHLER,15871.00,1409,96.30%,2018,"16,477"
BEAL,15868.00,1410,79.70%,1648,"19,922"
SPAULDING,15868.00,1410,85.60%,1774,"18,527"
JUDD,15852.00,1412,90.40%,1879,"17,532"
DARNELL,15848.00,1413,89.20%,1859,"17,775"
BURKETT,15840.00,1414,88.20%,1837,"17,959"
CATES,15826.00,1415,88.40%,1844,"17,907"
FERNANDEZ,15811.00,1416,11.40%,178,"139,302"
MAYES,15797.00,1417,63.60%,1302,"24,853"
DILL,15792.00,1418,89.90%,1877,"17,562"
WYNN,15791.00,1419,56.30%,1142,"28,048"
SCHWAB,15772.00,1420,96.60%,2035,"16,332"
MADSEN,15766.00,1421,96.00%,2024,"16,425"
BLAND,15757.00,1422,62.50%,1286,"25,219"
GERBER,15753.00,1423,96.40%,2033,"16,348"
COON,15736.00,1424,93.20%,1955,"16,890"
BENEDICT,15716.00,1425,93.30%,1964,"16,846"
JOYNER,15691.00,1426,55.60%,1134,"28,216"
KEATING,15687.00,1427,95.70%,2027,"16,392"
JAMISON,15666.00,1428,59.20%,1211,"26,476"
PACK,15639.00,1429,84.40%,1772,"18,538"
KINCAID,15613.00,1430,87.60%,1852,"17,833"
HACKETT,15609.00,1431,79.50%,1671,"19,637"
THAYER,15609.00,1431,94.60%,2014,"16,496"
GUIDRY,15606.00,1433,78.20%,1645,"19,967"
GUNN,15584.00,1434,70.50%,1475,"22,120"
OAKES,15583.00,1435,91.60%,1943,"17,008"
ADLER,15583.00,1435,95.60%,2041,"16,305"
CALVERT,15560.00,1437,90.60%,1922,"17,169"
OROURKE,15559.00,1438,95.70%,2044,"16,263"
CONROY,15556.00,1439,95.40%,2040,"16,309"
HAY,15548.00,1440,87.20%,1853,"17,824"
SHOOK,15538.00,1441,95.90%,2050,"16,202"
BAER,15535.00,1442,96.10%,2052,"16,165"
DIAZ,15534.00,1443,6.20%,73,"251,772"
MICHAELS,15531.00,1444,93.00%,1994,"16,696"
MURDOCK,15530.00,1445,81.60%,1724,"19,041"
SLAUGHTER,15525.00,1446,59.50%,1234,"26,088"
TYSON,15521.00,1447,55.60%,1152,"27,911"
KEARNEY,15510.00,1448,77.80%,1647,"19,938"
LIGHT,15486.00,1449,92.90%,1996,"16,671"
COATES,15483.00,1450,71.50%,1523,"21,652"
ATWOOD,15477.00,1451,92.40%,1977,"16,754"
HARDEN,15475.00,1452,61.30%,1284,"25,241"
SCHREIBER,15460.00,1453,97.00%,2086,"15,945"
SHAVER,15436.00,1454,92.30%,1987,"16,716"
PRATER,15433.00,1455,83.10%,1769,"18,565"
MEDEIROS,15428.00,1456,85.10%,1818,"18,121"
DUTTON,15424.00,1457,92.00%,1976,"16,774"
MUNSON,15421.00,1458,88.90%,1902,"17,345"
HOFFMANN,15421.00,1458,96.60%,2082,"15,970"
READ,15419.00,1460,92.10%,1981,"16,736"
LANDERS,15412.00,1461,84.20%,1802,"18,308"
SCHILLING,15412.00,1461,96.50%,2083,"15,968"
BAUM,15374.00,1463,95.40%,2060,"16,109"
HUTTON,15369.00,1464,85.60%,1836,"17,961"
ADAIR,15363.00,1465,85.50%,1834,"17,969"
SAPP,15354.00,1466,77.40%,1655,"19,847"
MAGUIRE,15346.00,1467,96.80%,2100,"15,853"
MCCOLLUM,15334.00,1468,79.30%,1700,"19,341"
STAPLETON,15327.00,1469,87.40%,1880,"17,529"
CRUM,15314.00,1470,87.70%,1889,"17,452"
HURT,15309.00,1471,73.80%,1584,"20,753"
RADER,15307.00,1472,94.40%,2047,"16,212"
WAITE,15289.00,1473,87.80%,1892,"17,415"
RIVERS,15284.00,1474,42.50%,879,"35,980"
DELUCA,15277.00,1475,95.90%,2089,"15,928"
JANSEN,15269.00,1476,95.20%,2072,"16,036"
EDMONDS,15264.00,1477,63.00%,1339,"24,210"
DOSS,15263.00,1478,74.00%,1598,"20,623"
GIORDANO,15261.00,1479,95.20%,2072,"16,036"
MARCUM,15255.00,1480,95.80%,2090,"15,925"
HURD,15253.00,1481,76.80%,1654,"19,856"
KENNY,15217.00,1482,90.50%,1972,"16,811"
CRANDALL,15215.00,1483,93.90%,2047,"16,212"
BRENNER,15200.00,1484,96.10%,2106,"15,809"
DORAN,15198.00,1485,92.10%,2013,"16,509"
FRIEND,15190.00,1486,87.70%,1908,"17,312"
DIETRICH,15186.00,1487,96.40%,2112,"15,761"
SORENSON,15176.00,1488,95.90%,2104,"15,833"
LACKEY,15175.00,1489,85.50%,1862,"17,749"
STALEY,15172.00,1490,83.90%,1824,"18,081"
SCHWARZ,15161.00,1491,96.50%,2119,"15,713"
HAWLEY,15154.00,1492,91.40%,2005,"16,578"
WALDRON,15143.00,1493,89.60%,1952,"16,908"
DOBBS,15138.00,1494,84.00%,1829,"18,021"
FERREIRA,15128.00,1495,67.80%,1465,"22,320"
MADISON,15127.00,1496,57.00%,1209,"26,548"
VANDYKE,15125.00,1497,91.80%,2019,"16,474"
STANFORD,15122.00,1498,73.40%,1601,"20,610"
TRENT,15113.00,1499,80.90%,1759,"18,679"
LAUGHLIN,15112.00,1500,93.90%,2062,"16,097"
JEFFRIES,15103.00,1501,66.10%,1435,"22,839"
MATTSON,15103.00,1501,95.40%,2105,"15,825"
MCLAIN,15100.00,1503,88.90%,1945,"16,978"
WETZEL,15100.00,1503,96.30%,2121,"15,674"
BURKHART,15089.00,1505,96.00%,2117,"15,718"
ROMAN,15086.00,1506,25.60%,507,"59,020"
HENNING,15084.00,1507,93.40%,2056,"16,153"
SANDS,15079.00,1508,81.80%,1787,"18,430"
HERNDON,15070.00,1509,80.00%,1742,"18,838"
HONEYCUTT,15051.00,1510,92.20%,2036,"16,330"
FONTENOT,15047.00,1511,78.40%,1715,"19,203"
SHEFFIELD,15038.00,1512,79.20%,1730,"18,983"
HORVATH,15035.00,1513,96.80%,2147,"15,538"
BROWNE,15032.00,1514,71.20%,1563,"21,109"
MCNALLY,15019.00,1515,95.20%,2111,"15,768"
AMOS,14993.00,1516,65.70%,1436,"22,817"
LANGFORD,14989.00,1517,80.40%,1763,"18,650"
KEENE,14983.00,1518,87.30%,1925,"17,161"
CRAIN,14975.00,1519,87.50%,1934,"17,110"
ALTMAN,14975.00,1519,94.10%,2091,"15,916"
CODY,14969.00,1521,79.40%,1739,"18,853"
SPICER,14956.00,1522,83.50%,1846,"17,901"
SEWELL,14955.00,1523,72.10%,1586,"20,736"
SAUER,14951.00,1524,96.60%,2151,"15,474"
GOINS,14950.00,1525,68.40%,1498,"21,872"
MOSHER,14934.00,1526,95.80%,2134,"15,595"
NAGY,14933.00,1527,96.10%,2146,"15,545"
HELM,14930.00,1528,89.40%,1991,"16,700"
SYKES,14917.00,1529,56.50%,1214,"26,425"
EUBANKS,14910.00,1530,76.00%,1673,"19,616"
ROCHE,14901.00,1531,83.20%,1845,"17,905"
RUSHING,14879.00,1532,78.90%,1739,"18,853"
HENLEY,14852.00,1533,73.20%,1619,"20,276"
THORPE,14850.00,1534,70.80%,1569,"20,960"
CLEARY,14829.00,1535,94.50%,2120,"15,685"
GILLIS,14815.00,1536,80.40%,1786,"18,438"
ERVIN,14814.00,1537,60.40%,1321,"24,511"
SILVERMAN,14808.00,1538,96.80%,2179,"15,299"
ROPER,14790.00,1539,75.80%,1680,"19,520"
RUDOLPH,14779.00,1540,75.90%,1688,"19,462"
POSEY,14777.00,1541,75.20%,1669,"19,648"
HUGGINS,14761.00,1542,68.70%,1538,"21,499"
BURROWS,14757.00,1543,86.90%,1946,"16,972"
LUNSFORD,14754.00,1544,88.20%,1981,"16,736"
BAIN,14749.00,1545,87.60%,1965,"16,845"
LACY,14732.00,1546,66.20%,1467,"22,250"
DENNY,14732.00,1546,84.80%,1899,"17,366"
EASTMAN,14731.00,1548,90.40%,2042,"16,295"
CROCKETT,14720.00,1549,64.40%,1434,"22,850"
RAINEY,14715.00,1550,65.70%,1462,"22,397"
MOTT,14715.00,1550,86.50%,1941,"17,013"
GAUTHIER,14711.00,1552,89.60%,2025,"16,419"
WESTBROOK,14693.00,1553,74.30%,1660,"19,781"
CULVER,14681.00,1554,85.20%,1915,"17,231"
HAUSER,14673.00,1555,93.80%,2125,"15,648"
REAGAN,14668.00,1556,93.60%,2122,"15,673"
IRVIN,14660.00,1557,70.60%,1583,"20,776"
RIDER,14660.00,1557,91.40%,2071,"16,048"
DOBSON,14652.00,1559,79.90%,1798,"18,342"
HANKS,14649.00,1560,85.50%,1928,"17,141"
SAYLOR,14631.00,1561,94.10%,2145,"15,547"
STAUFFER,14624.00,1562,97.20%,2217,"15,045"
SCHAEFFER,14611.00,1563,94.60%,2156,"15,448"
JARRETT,14592.00,1564,71.40%,1610,"20,449"
FAGAN,14586.00,1565,86.90%,1975,"16,779"
LOMBARDO,14581.00,1566,94.90%,2167,"15,368"
OAKLEY,14579.00,1567,87.10%,1984,"16,733"
STREET,14563.00,1568,75.40%,1701,"19,322"
KYLE,14551.00,1569,82.00%,1861,"17,750"
CORNELIUS,14547.00,1570,75.20%,1699,"19,342"
HUDDLESTON,14527.00,1571,86.10%,1957,"16,872"
MONAHAN,14526.00,1572,96.50%,2213,"15,058"
HUMPHRIES,14513.00,1573,81.60%,1857,"17,785"
CHRISTIE,14509.00,1574,82.50%,1874,"17,582"
REDMOND,14478.00,1575,69.20%,1573,"20,919"
PARR,14468.00,1576,89.80%,2057,"16,120"
HUMMEL,14463.00,1577,97.20%,2244,"14,878"
STONER,14452.00,1578,92.70%,2136,"15,590"
JACOB,14431.00,1579,67.60%,1541,"21,354"
WEINER,14428.00,1580,96.80%,2238,"14,903"
CHADWICK,14408.00,1581,90.50%,2093,"15,913"
BECKMAN,14385.00,1582,94.90%,2199,"15,164"
GENTILE,14382.00,1583,96.30%,2230,"14,938"
HUSTON,14368.00,1584,87.80%,2030,"16,364"
VARNER,14301.00,1585,82.80%,1910,"17,274"
LENTZ,14295.00,1586,96.10%,2248,"14,869"
PYLE,14271.00,1587,94.70%,2212,"15,066"
WHITT,14252.00,1588,86.40%,2016,"16,488"
CARMICHAEL,14249.00,1589,75.00%,1729,"19,011"
THORNE,14239.00,1590,78.10%,1812,"18,222"
LEONE,14234.00,1591,94.60%,2216,"15,047"
BURKS,14230.00,1592,54.50%,1232,"26,115"
GROVER,14217.00,1593,85.90%,2010,"16,551"
SIMMS,14189.00,1594,54.00%,1221,"26,296"
CORNETT,14187.00,1595,92.60%,2176,"15,314"
BURNHAM,14187.00,1595,92.70%,2179,"15,299"
SPIVEY,14167.00,1597,69.60%,1615,"20,349"
HAWK,14158.00,1598,87.20%,2045,"16,240"
CALL,14144.00,1599,94.90%,2238,"14,903"
COE,14133.00,1600,84.60%,1989,"16,706"
GRUBB,14122.00,1601,95.80%,2262,"14,740"
MCCORD,14119.00,1602,82.00%,1918,"17,216"
LADD,14119.00,1602,88.80%,2096,"15,898"
ADAMSON,14118.00,1604,87.80%,2065,"16,080"
NUGENT,14094.00,1605,90.40%,2132,"15,599"
LANIER,14090.00,1606,69.80%,1625,"20,181"
DUFF,14078.00,1607,87.30%,2058,"16,119"
BRUNNER,14076.00,1608,93.20%,2207,"15,105"
ARNETT,14060.00,1609,87.70%,2075,"16,027"
BRYSON,14050.00,1610,79.50%,1867,"17,680"
MATTINGLY,14009.00,1611,95.60%,2273,"14,661"
WHITTINGTON,14008.00,1612,81.60%,1924,"17,163"
SYLVESTER,14007.00,1613,75.90%,1784,"18,445"
TIMMONS,14006.00,1614,70.40%,1651,"19,900"
COMER,14002.00,1615,84.30%,2001,"16,619"
UNGER,13999.00,1616,95.40%,2272,"14,668"
KERNS,13995.00,1617,92.60%,2206,"15,113"
TALBOT,13995.00,1617,93.10%,2221,"15,027"
FAY,13992.00,1619,93.30%,2225,"14,992"
LANGSTON,13989.00,1620,73.70%,1731,"18,979"
DOWLING,13982.00,1621,89.70%,2137,"15,581"
COTTRELL,13960.00,1622,85.70%,2043,"16,288"
GANNON,13956.00,1623,95.80%,2286,"14,565"
COREY,13948.00,1624,90.10%,2149,"15,488"
CORMIER,13930.00,1625,84.40%,2012,"16,513"
BEEBE,13926.00,1626,94.00%,2256,"14,813"
BURK,13922.00,1627,92.50%,2215,"15,048"
AMBROSE,13919.00,1628,83.40%,1992,"16,697"
CROWELL,13916.00,1629,81.20%,1931,"17,136"
MARCUS,13904.00,1630,80.10%,1900,"17,360"
RAMOS,13903.00,1631,7.20%,112,"193,096"
TILLEY,13901.00,1632,89.30%,2143,"15,560"
KELLOGG,13896.00,1633,90.80%,2178,"15,302"
HOLLIDAY,13883.00,1634,71.20%,1686,"19,488"
DEMARCO,13871.00,1635,95.90%,2300,"14,463"
WAGONER,13870.00,1636,93.50%,2252,"14,841"
CRAVEN,13858.00,1637,91.50%,2201,"15,149"
BETTS,13844.00,1638,72.10%,1714,"19,209"
BREWSTER,13843.00,1639,74.60%,1770,"18,554"
QUEEN,13842.00,1640,77.40%,1847,"17,881"
TILLMAN,13833.00,1641,47.90%,1110,"28,878"
STJOHN,13824.00,1642,88.30%,2123,"15,663"
OSWALD,13800.00,1643,96.30%,2313,"14,332"
COUGHLIN,13794.00,1644,97.00%,2333,"14,226"
ASHBY,13790.00,1645,82.50%,1985,"16,723"
LORENZ,13789.00,1646,95.10%,2295,"14,501"
KAMINSKI,13788.00,1647,97.20%,2337,"14,190"
SCHULER,13782.00,1648,93.80%,2267,"14,695"
FENTON,13771.00,1649,90.50%,2193,"15,220"
MEEHAN,13767.00,1650,96.00%,2310,"14,348"
CRUZ,13748.00,1651,5.90%,82,"231,065"
NAGEL,13741.00,1652,96.30%,2325,"14,270"
BARGER,13739.00,1653,93.90%,2275,"14,635"
ENNIS,13725.00,1654,85.20%,2061,"16,102"
BARTH,13722.00,1655,96.10%,2322,"14,283"
LOOMIS,13716.00,1656,95.80%,2314,"14,311"
FAUST,13714.00,1657,86.80%,2108,"15,799"
ROLAND,13702.00,1658,73.10%,1752,"18,742"
PEREIRA,13693.00,1659,59.70%,1428,"22,921"
IVERSON,13683.00,1660,89.00%,2168,"15,366"
REARDON,13673.00,1661,95.70%,2320,"14,287"
JEFFERS,13671.00,1662,80.90%,1954,"16,895"
ANDERS,13667.00,1663,88.90%,2165,"15,375"
BLEDSOE,13651.00,1664,76.10%,1841,"17,934"
BAUMANN,13639.00,1665,96.50%,2349,"14,131"
PRESLEY,13621.00,1666,77.00%,1866,"17,687"
HARE,13621.00,1666,86.50%,2114,"15,739"
WOODY,13611.00,1668,75.30%,1825,"18,069"
VERNON,13594.00,1669,78.70%,1911,"17,267"
WAGGONER,13592.00,1670,93.40%,2287,"14,556"
ROWLEY,13579.00,1671,92.00%,2261,"14,760"
WOODALL,13573.00,1672,85.50%,2097,"15,877"
CLEMONS,13555.00,1673,53.70%,1282,"25,265"
GOODE,13555.00,1673,63.90%,1553,"21,226"
MELVIN,13555.00,1673,69.40%,1679,"19,523"
CONN,13550.00,1676,93.10%,2288,"14,553"
HARMAN,13539.00,1677,95.10%,2328,"14,237"
PRESCOTT,13531.00,1678,81.10%,1995,"16,686"
HANNAH,13528.00,1679,70.60%,1717,"19,164"
STUMP,13516.00,1680,95.40%,2340,"14,171"
MEEK,13509.00,1681,92.90%,2289,"14,549"
BURDICK,13506.00,1682,95.60%,2349,"14,131"
CORLEY,13501.00,1683,76.70%,1872,"17,609"
FLOOD,13500.00,1684,81.10%,1998,"16,652"
POWER,13499.00,1685,90.90%,2250,"14,846"
NAYLOR,13497.00,1686,84.70%,2088,"15,930"
ARNDT,13489.00,1687,96.00%,2361,"14,052"
GAGE,13481.00,1688,84.10%,2077,"16,022"
PEDERSON,13481.00,1688,96.10%,2366,"14,030"
NEWCOMB,13452.00,1690,94.50%,2331,"14,230"
TATUM,13451.00,1691,57.70%,1395,"23,300"
WHITLOCK,13442.00,1692,81.00%,2003,"16,603"
PFEIFFER,13433.00,1693,96.80%,2394,"13,870"
PURDY,13428.00,1694,89.60%,2226,"14,987"
MICHAUD,13425.00,1695,93.20%,2303,"14,408"
WHITFIELD,13423.00,1696,47.10%,1125,"28,475"
NEWSOME,13410.00,1697,58.80%,1438,"22,803"
MAIER,13408.00,1698,96.30%,2385,"13,929"
ROARK,13400.00,1699,95.20%,2355,"14,073"
BLISS,13387.00,1700,93.80%,2324,"14,273"
FOOTE,13383.00,1701,83.20%,2063,"16,093"
CUTLER,13379.00,1702,88.70%,2210,"15,087"
LAY,13376.00,1703,74.40%,1832,"17,979"
KEARNS,13376.00,1703,94.00%,2330,"14,234"
WEINSTEIN,13374.00,1705,96.80%,2407,"13,809"
DURBIN,13372.00,1706,95.30%,2364,"14,034"
STEARNS,13369.00,1707,92.60%,2302,"14,444"
PARIS,13365.00,1708,79.50%,1970,"16,813"
BOUDREAUX,13362.00,1709,87.70%,2190,"15,240"
RAPP,13362.00,1709,95.80%,2381,"13,951"
PURVIS,13360.00,1711,81.60%,2028,"16,381"
GODDARD,13346.00,1712,88.10%,2200,"15,157"
FOURNIER,13341.00,1713,93.80%,2335,"14,221"
HUTSON,13332.00,1714,86.40%,2160,"15,430"
LOMBARDI,13322.00,1715,96.30%,2402,"13,832"
BAGLEY,13321.00,1716,79.60%,1979,"16,739"
HAMLIN,13304.00,1717,81.30%,2031,"16,358"
GABRIEL,13302.00,1718,60.40%,1482,"22,013"
MOSELEY,13302.00,1718,79.50%,1981,"16,736"
ABRAHAM,13294.00,1720,51.70%,1250,"25,729"
BAUGHMAN,13292.00,1721,96.00%,2398,"13,847"
GEE,13290.00,1722,55.80%,1363,"23,826"
GRUBER,13287.00,1723,95.60%,2387,"13,903"
MULLIGAN,13281.00,1724,93.30%,2332,"14,229"
MCDONNELL,13279.00,1725,95.60%,2390,"13,892"
ALLEY,13276.00,1726,92.90%,2321,"14,285"
BRUNER,13275.00,1727,86.20%,2163,"15,404"
GRUBBS,13266.00,1728,85.80%,2155,"15,453"
GRANGER,13256.00,1729,79.30%,1986,"16,721"
MOCK,13242.00,1730,87.10%,2194,"15,208"
COVINGTON,13199.00,1731,52.00%,1272,"25,403"
GOLDSMITH,13197.00,1732,81.30%,2046,"16,238"
DEATON,13190.00,1733,95.40%,2404,"13,829"
PERDUE,13161.00,1734,82.50%,2085,"15,958"
SKELTON,13159.00,1735,90.50%,2291,"14,542"
MORELAND,13156.00,1736,76.60%,1921,"17,173"
WILLOUGHBY,13151.00,1737,84.20%,2130,"15,622"
BROWER,13146.00,1738,88.10%,2232,"14,930"
MAHAN,13137.00,1739,87.90%,2231,"14,937"
STODDARD,13135.00,1740,93.20%,2352,"14,096"
HILLIARD,13129.00,1741,67.10%,1675,"19,564"
RUTH,13122.00,1742,84.80%,2150,"15,481"
BARON,13117.00,1743,84.80%,2152,"15,464"
OGLE,13114.00,1744,93.30%,2362,"14,050"
LACEY,13105.00,1745,73.60%,1854,"17,811"
TABOR,13103.00,1746,87.00%,2213,"15,058"
RYDER,13099.00,1747,93.50%,2370,"14,004"
STARKEY,13093.00,1748,90.40%,2297,"14,483"
OUELLETTE,13090.00,1749,97.00%,2455,"13,498"
BURR,13073.00,1750,88.10%,2253,"14,839"
FOSS,13064.00,1751,95.10%,2418,"13,737"
CROUSE,13057.00,1752,95.60%,2430,"13,654"
KRUGER,13054.00,1753,96.00%,2439,"13,599"
PRITCHETT,13038.00,1754,71.10%,1796,"18,350"
MCMAHAN,13034.00,1755,92.60%,2356,"14,071"
ESTEP,13034.00,1755,94.50%,2411,"13,793"
COY,13032.00,1757,83.70%,2142,"15,561"
STRAUSS,13030.00,1758,95.00%,2420,"13,719"
BARTLEY,13019.00,1759,80.60%,2055,"16,154"
DAIGLE,13019.00,1759,94.50%,2412,"13,784"
HIGGINBOTHAM,13008.00,1761,90.30%,2304,"14,404"
HEATON,13005.00,1762,94.90%,2424,"13,700"
GOETZ,13005.00,1762,96.40%,2456,"13,495"
HECK,13003.00,1764,94.60%,2415,"13,744"
GUNDERSON,13000.00,1765,95.70%,2442,"13,583"
RENNER,12994.00,1766,95.90%,2448,"13,547"
JOHN,12992.00,1767,47.00%,1161,"27,643"
GRAF,12991.00,1768,95.80%,2445,"13,558"
LIND,12963.00,1769,90.60%,2316,"14,302"
ABERNATHY,12960.00,1770,80.00%,2051,"16,194"
LAWLER,12955.00,1771,91.30%,2336,"14,194"
CLEMENS,12952.00,1772,92.50%,2373,"13,995"
BARTHOLOMEW,12941.00,1773,88.10%,2266,"14,696"
HOUGH,12937.00,1774,85.70%,2208,"15,090"
GALE,12935.00,1775,85.10%,2197,"15,193"
ROONEY,12930.00,1776,95.60%,2450,"13,527"
HARMS,12923.00,1777,96.00%,2459,"13,468"
STRINGER,12920.00,1778,77.70%,1999,"16,634"
SMALLWOOD,12914.00,1779,70.90%,1811,"18,227"
PRIEST,12914.00,1779,90.00%,2309,"14,350"
WHITTAKER,12913.00,1781,78.50%,2023,"16,441"
DONOHUE,12908.00,1782,96.20%,2466,"13,416"
TIERNEY,12895.00,1783,97.20%,2491,"13,262"
EPSTEIN,12878.00,1784,97.10%,2489,"13,269"
STUBBS,12875.00,1785,67.50%,1722,"19,068"
TROYER,12866.00,1786,98.30%,2536,"13,091"
HAMBY,12850.00,1787,93.10%,2409,"13,802"
KAHN,12841.00,1788,88.10%,2284,"14,570"
TRIMBLE,12821.00,1789,82.30%,2138,"15,576"
HOGUE,12815.00,1790,83.00%,2159,"15,442"
LUKE,12810.00,1791,75.30%,1940,"17,016"
CHASTAIN,12801.00,1792,95.50%,2469,"13,403"
THURSTON,12800.00,1793,85.80%,2234,"14,918"
BRANNON,12798.00,1794,81.80%,2127,"15,640"
MALLOY,12797.00,1795,79.70%,2070,"16,056"
BOCK,12787.00,1796,95.60%,2476,"13,369"
IRELAND,12782.00,1797,90.20%,2342,"14,168"
HILLMAN,12775.00,1798,82.70%,2156,"15,448"
FAIRCHILD,12762.00,1799,93.20%,2424,"13,700"
FLINT,12757.00,1800,86.90%,2268,"14,683"
MORRISSEY,12753.00,1801,96.30%,2496,"13,244"
VANHORN,12752.00,1802,93.00%,2421,"13,716"
THARP,12752.00,1802,93.90%,2443,"13,578"
CARNES,12734.00,1804,89.90%,2344,"14,158"
ROWELL,12723.00,1805,82.30%,2154,"15,457"
FERRARA,12709.00,1806,95.10%,2480,"13,357"
CHEEK,12700.00,1807,81.60%,2140,"15,566"
CREECH,12699.00,1808,92.20%,2414,"13,770"
MOELLER,12678.00,1809,96.80%,2533,"13,094"
WILKES,12671.00,1810,71.20%,1856,"17,797"
PAYTON,12664.00,1811,55.60%,1440,"22,773"
MICHEL,12649.00,1812,58.90%,1539,"21,487"
HERRMANN,12649.00,1812,96.90%,2541,"13,056"
RUSS,12610.00,1814,73.60%,1931,"17,136"
SQUIRES,12604.00,1815,90.20%,2380,"13,969"
CHAMPION,12592.00,1816,74.50%,1953,"16,900"
LEARY,12574.00,1817,83.10%,2203,"15,127"
HITCHCOCK,12574.00,1817,92.00%,2427,"13,664"
TITUS,12569.00,1819,82.00%,2172,"15,321"
ELLER,12566.00,1820,94.90%,2497,"13,243"
WRAY,12564.00,1821,84.80%,2257,"14,812"
RINEHART,12560.00,1822,95.20%,2510,"13,192"
HACKER,12552.00,1823,95.20%,2513,"13,178"
MAJOR,12542.00,1824,63.40%,1659,"19,791"
WILES,12530.00,1825,90.70%,2406,"13,810"
BORDEN,12528.00,1826,81.70%,2171,"15,342"
GILLILAND,12523.00,1827,95.10%,2517,"13,170"
WORTHINGTON,12518.00,1828,89.20%,2363,"14,038"
MAST,12518.00,1828,97.30%,2587,"12,869"
OVERTON,12517.00,1830,69.20%,1822,"18,094"
YOUNGBLOOD,12507.00,1831,71.50%,1884,"17,485"
DEVRIES,12503.00,1832,96.50%,2567,"12,958"
SEAMAN,12498.00,1833,94.30%,2492,"13,260"
MCGREGOR,12493.00,1834,83.50%,2227,"14,969"
SCHERER,12480.00,1835,96.80%,2580,"12,889"
STARNES,12478.00,1836,90.10%,2400,"13,844"
BARNEY,12474.00,1837,80.20%,2144,"15,556"
WILLEY,12464.00,1838,94.80%,2521,"13,145"
MINTON,12457.00,1839,91.10%,2426,"13,667"
STCLAIR,12450.00,1840,87.10%,2318,"14,296"
MACKENZIE,12449.00,1841,94.50%,2515,"13,174"
LINCOLN,12445.00,1842,77.40%,2068,"16,070"
BURNETTE,12436.00,1843,75.80%,2026,"16,409"
HUMPHREYS,12434.00,1844,91.80%,2447,"13,548"
WISNIEWSKI,12431.00,1845,97.40%,2602,"12,760"
HEIN,12423.00,1846,95.90%,2569,"12,953"
DAMICO,12416.00,1847,95.80%,2565,"12,966"
BOUCHARD,12411.00,1848,96.40%,2586,"12,870"
BACHMAN,12410.00,1849,96.30%,2582,"12,887"
BEAM,12407.00,1850,93.80%,2502,"13,230"
FOUNTAIN,12405.00,1851,65.00%,1720,"19,094"
RHOADS,12404.00,1852,95.40%,2557,"13,008"
LUTHER,12401.00,1853,91.20%,2438,"13,601"
BRANTLEY,12399.00,1854,62.10%,1646,"19,953"
STALLINGS,12389.00,1855,73.70%,1968,"16,819"
STEWARD,12385.00,1856,57.40%,1533,"21,558"
WHITING,12382.00,1857,78.80%,2116,"15,719"
HOLM,12377.00,1858,96.00%,2578,"12,894"
WAHL,12367.00,1859,95.60%,2574,"12,933"
SOUSA,12363.00,1860,87.20%,2339,"14,183"
WESTFALL,12359.00,1861,95.30%,2564,"12,968"
PRUETT,12324.00,1862,94.00%,2526,"13,113"
LOVETT,12313.00,1863,66.80%,1789,"18,421"
ISAACS,12308.00,1864,85.60%,2306,"14,379"
DOW,12306.00,1865,84.20%,2278,"14,622"
MCNULTY,12306.00,1865,94.10%,2538,"13,080"
SHANK,12301.00,1867,94.10%,2539,"13,070"
GIVENS,12300.00,1868,51.60%,1364,"23,823"
SNODGRASS,12295.00,1869,94.80%,2566,"12,963"
SMILEY,12285.00,1870,64.60%,1728,"19,014"
CRUMP,12277.00,1871,61.50%,1643,"19,973"
ROBB,12274.00,1872,91.20%,2460,"13,455"
VITALE,12271.00,1873,95.70%,2593,"12,826"
STEINBERG,12265.00,1874,96.50%,2610,"12,715"
BUSBY,12254.00,1875,79.40%,2161,"15,424"
REYES,12230.00,1876,5.30%,81,"232,511"
EMMONS,12229.00,1877,92.90%,2518,"13,162"
ROWAN,12225.00,1878,88.60%,2408,"13,803"
UPTON,12221.00,1879,89.70%,2432,"13,630"
WENDT,12221.00,1879,95.90%,2605,"12,744"
SHELLEY,12218.00,1881,87.30%,2373,"13,995"
FUCHS,12211.00,1882,96.10%,2612,"12,707"
BOLES,12210.00,1883,83.40%,2274,"14,644"
BALES,12206.00,1884,93.70%,2550,"13,028"
RECTOR,12202.00,1885,89.70%,2437,"13,609"
MCCARTNEY,12198.00,1886,93.80%,2555,"13,011"
FINNEY,12197.00,1887,72.10%,1950,"16,919"
ELLSWORTH,12194.00,1888,92.30%,2506,"13,213"
NOONAN,12191.00,1889,96.40%,2625,"12,641"
MORALES,12188.00,1890,5.60%,90,"217,642"
STAPLES,12182.00,1891,73.50%,2007,"16,572"
WHITTEN,12182.00,1891,87.80%,2393,"13,876"
STRANGE,12180.00,1893,83.50%,2282,"14,582"
TROTTER,12178.00,1894,64.30%,1734,"18,946"
BLANK,12175.00,1895,95.80%,2613,"12,706"
SHIPMAN,12172.00,1896,81.60%,2235,"14,917"
POLK,12157.00,1897,47.80%,1270,"25,438"
GRAFF,12144.00,1898,96.40%,2637,"12,601"
PRATHER,12142.00,1899,77.70%,2129,"15,631"
CROOK,12139.00,1900,85.00%,2323,"14,279"
BELANGER,12131.00,1901,96.00%,2628,"12,634"
NICKERSON,12111.00,1902,78.60%,2162,"15,409"
TEMPLETON,12103.00,1903,91.00%,2483,"13,299"
BEAVERS,12100.00,1904,79.00%,2175,"15,316"
SCHELL,12095.00,1905,94.60%,2596,"12,785"
HOOK,12084.00,1906,91.70%,2516,"13,171"
KINSEY,12083.00,1907,78.70%,2169,"15,357"
RUCKER,12069.00,1908,48.00%,1287,"25,160"
MCNEILL,12049.00,1909,65.90%,1806,"18,272"
GRIFFITHS,12048.00,1910,88.80%,2444,"13,563"
HOPE,12043.00,1911,72.10%,1988,"16,710"
WATT,12040.00,1912,81.00%,2246,"14,872"
GARBER,12038.00,1913,95.90%,2646,"12,558"
PENDLETON,12031.00,1914,75.10%,2076,"16,026"
HOOKER,12030.00,1915,73.00%,2017,"16,479"
TRAHAN,12030.00,1915,87.60%,2419,"13,733"
CONDON,12023.00,1917,94.70%,2620,"12,690"
MESSINA,12021.00,1918,95.20%,2631,"12,626"
NORWOOD,12020.00,1919,55.40%,1520,"21,678"
DOUGLASS,12017.00,1920,84.40%,2329,"14,236"
HOUCK,12017.00,1920,96.50%,2667,"12,458"
KEENER,12015.00,1922,92.10%,2545,"13,046"
KENYON,12014.00,1923,95.20%,2635,"12,620"
WILL,12013.00,1924,91.20%,2514,"13,177"
DOWD,12010.00,1925,90.40%,2486,"13,279"
JERNIGAN,12001.00,1926,78.40%,2182,"15,298"
DENNISON,12001.00,1926,84.90%,2348,"14,132"
STOCK,12001.00,1926,96.20%,2657,"12,479"
ADCOCK,12000.00,1929,95.60%,2647,"12,550"
BRANHAM,11997.00,1930,88.50%,2446,"13,550"
EBERT,11992.00,1931,96.40%,2671,"12,440"
CHRISTY,11987.00,1932,90.20%,2484,"13,295"
FAIR,11981.00,1933,67.90%,1870,"17,658"
MCCAIN,11974.00,1934,66.80%,1842,"17,933"
SAMS,11974.00,1934,77.50%,2158,"15,446"
HERRINGTON,11974.00,1934,87.90%,2434,"13,628"
SEITZ,11970.00,1937,96.70%,2683,"12,375"
DANIELSON,11964.00,1938,94.80%,2633,"12,622"
KNOTT,11960.00,1939,85.40%,2369,"14,008"
CHENEY,11956.00,1940,92.20%,2563,"12,970"
BURROUGHS,11949.00,1941,71.50%,1990,"16,702"
SCHUBERT,11943.00,1942,95.90%,2664,"12,460"
JARRELL,11940.00,1943,90.30%,2504,"13,224"
PEASE,11922.00,1944,92.90%,2592,"12,828"
BREEN,11920.00,1945,90.10%,2499,"13,237"
DICKENS,11872.00,1946,65.30%,1814,"18,181"
CARRIER,11865.00,1947,88.50%,2467,"13,413"
TROUT,11864.00,1948,94.40%,2642,"12,569"
CURRIE,11862.00,1949,71.30%,2000,"16,627"
MAIN,11852.00,1950,93.80%,2629,"12,631"
TRIPLETT,11850.00,1951,68.00%,1890,"17,422"
REES,11849.00,1952,95.10%,2669,"12,456"
PICKERING,11846.00,1953,90.10%,2519,"13,154"
FARRAR,11840.00,1954,81.90%,2301,"14,451"
BOLIN,11839.00,1955,91.80%,2577,"12,895"
VICK,11831.00,1956,84.50%,2368,"14,009"
JOLLY,11829.00,1957,78.00%,2198,"15,166"
JAEGER,11829.00,1957,96.20%,2695,"12,298"
DARBY,11803.00,1959,66.10%,1850,"17,854"
DOWELL,11802.00,1960,77.50%,2192,"15,226"
PARISH,11788.00,1961,82.70%,2327,"14,250"
KELSEY,11779.00,1962,85.10%,2397,"13,849"
CARON,11779.00,1962,95.40%,2690,"12,343"
COBURN,11777.00,1964,87.10%,2454,"13,514"
FRANTZ,11773.00,1965,96.10%,2699,"12,252"
REICH,11766.00,1966,95.80%,2696,"12,283"
BEARDEN,11765.00,1967,90.10%,2543,"13,051"
WILLETT,11764.00,1968,92.60%,2613,"12,706"
KITCHEN,11756.00,1969,81.20%,2298,"14,478"
BOLLINGER,11755.00,1970,96.50%,2713,"12,180"
SATTERFIELD,11750.00,1971,85.00%,2405,"13,824"
GANN,11746.00,1972,93.50%,2645,"12,563"
RUDD,11737.00,1973,82.80%,2343,"14,167"
WINSLOW,11722.00,1974,85.50%,2422,"13,713"
DRUMMOND,11720.00,1975,68.80%,1937,"17,032"
CASPER,11717.00,1976,94.10%,2667,"12,458"
MARLOW,11706.00,1977,88.80%,2511,"13,185"
WAY,11688.00,1978,82.20%,2334,"14,222"
WHITMORE,11687.00,1979,77.20%,2202,"15,135"
DENNEY,11682.00,1980,94.70%,2692,"12,333"
SALISBURY,11681.00,1981,92.80%,2640,"12,581"
CLEVENGER,11675.00,1982,96.10%,2725,"12,146"
HOBSON,11673.00,1983,70.70%,2011,"16,517"
WAKEFIELD,11668.00,1984,83.00%,2360,"14,058"
DEVLIN,11663.00,1985,93.60%,2664,"12,460"
MCCLELLAND,11654.00,1986,85.60%,2435,"13,610"
NEWBERRY,11650.00,1987,88.00%,2501,"13,233"
BARONE,11649.00,1988,95.40%,2705,"12,208"
MARTINO,11648.00,1989,90.40%,2580,"12,889"
AMATO,11640.00,1990,93.80%,2676,"12,411"
HASKINS,11630.00,1991,70.70%,2022,"16,457"
WHIPPLE,11621.00,1992,86.80%,2471,"13,387"
CASTRO,11620.00,1993,8.70%,194,"133,254"
ORTIZ,11593.00,1994,5.40%,94,"214,683"
LEAVITT,11589.00,1995,94.80%,2702,"12,223"
ELY,11579.00,1996,89.90%,2583,"12,884"
ASHER,11576.00,1997,91.10%,2611,"12,710"
SPEAR,11573.00,1998,88.70%,2544,"13,049"
GIRARD,11570.00,1999,93.30%,2677,"12,407"
STOREY,11568.00,2000,86.00%,2461,"13,450"
