Name,Count,Surname rank among blacks,% of people with surname self-identifying as 'black',U.S. Rank,U.S. total occurrences
WILLIAMS,716704.00,1,46.70%,3,"1,534,042"
JOHNSON,627720.00,2,33.80%,2,"1,857,160"
SMITH,527993.00,3,22.20%,1,"2,376,206"
JONES,514167.00,4,37.70%,5,"1,362,755"
BROWN,476702.00,5,34.50%,4,"1,380,145"
JACKSON,353179.00,6,53.00%,18,"666,125"
DAVIS,329957.00,7,30.80%,7,"1,072,335"
THOMAS,271273.00,8,38.20%,14,"710,696"
HARRIS,247092.00,9,41.60%,24,"593,542"
ROBINSON,221835.00,10,44.10%,27,"503,028"
TAYLOR,199326.00,11,27.70%,13,"720,370"
WILSON,198269.00,12,25.30%,10,"783,051"
MOORE,188082.00,13,26.90%,16,"698,671"
WHITE,175099.00,14,27.40%,20,"639,515"
LEWIS,172509.00,15,33.80%,26,"509,930"
WALKER,171297.00,16,34.20%,28,"501,307"
GREEN,149803.00,17,36.20%,37,"413,477"
WASHINGTON,146520.00,18,89.90%,138,"163,036"
THOMPSON,145176.00,19,22.50%,19,"644,368"
ANDERSON,137688.00,20,18.10%,12,"762,394"
SCOTT,135521.00,21,32.30%,36,"420,091"
CARTER,126856.00,22,35.00%,46,"362,548"
WRIGHT,120484.00,23,27.40%,34,"440,367"
MILLER,117404.00,24,10.40%,6,"1,127,803"
HILL,117025.00,25,28.40%,41,"411,770"
ALLEN,116491.00,26,25.10%,32,"463,368"
MITCHELL,115815.00,27,31.50%,44,"367,433"
YOUNG,110849.00,28,23.80%,31,"465,948"
LEE,105480.00,29,17.40%,22,"605,860"
MARTIN,102925.00,30,15.30%,17,"672,711"
CLARK,101613.00,31,18.50%,25,"548,369"
TURNER,98383.00,32,29.30%,49,"335,663"
HALL,98265.00,33,20.70%,30,"473,568"
KING,96665.00,34,22.00%,35,"438,986"
EDWARDS,95787.00,35,30.20%,53,"317,070"
COLEMAN,91440.00,36,43.80%,102,"208,624"
JAMES,88835.00,37,38.10%,80,"233,224"
EVANS,85730.00,38,25.00%,48,"342,237"
BELL,84138.00,39,31.80%,67,"264,752"
RICHARDSON,81772.00,40,32.80%,74,"249,533"
ADAMS,79313.00,41,19.20%,39,"413,086"
BROOKS,78653.00,42,32.70%,77,"240,751"
PARKER,78111.00,43,24.10%,51,"324,246"
JENKINS,76881.00,44,36.00%,95,"213,737"
STEWART,74564.00,45,23.80%,54,"312,899"
HOWARD,73096.00,46,28.70%,70,"254,779"
CAMPBELL,71155.00,47,19.10%,43,"371,953"
SIMMONS,71102.00,48,35.30%,103,"201,650"
SANDERS,70468.00,49,31.90%,88,"220,902"
HENDERSON,69751.00,50,33.20%,101,"210,094"
COLLINS,68973.00,51,21.70%,52,"317,848"
COOPER,68227.00,52,25.30%,64,"270,097"
WATSON,65093.00,53,26.90%,76,"242,432"
BUTLER,65056.00,54,30.80%,98,"210,879"
ALEXANDER,64262.00,55,33.20%,111,"193,443"
BRYANT,63728.00,56,34.70%,120,"183,761"
NELSON,61547.00,57,14.90%,40,"412,236"
MORRIS,60137.00,58,19.30%,56,"311,754"
BARNES,59403.00,59,28.20%,99,"210,426"
JORDAN,59282.00,60,30.10%,105,"197,212"
REED,58757.00,61,22.00%,65,"267,443"
WOODS,58511.00,62,34.70%,133,"168,814"
DIXON,58085.00,63,38.20%,156,"152,015"
ROBERTS,58082.00,64,15.90%,45,"366,215"
GRAY,57663.00,65,24.40%,79,"236,713"
PHILLIPS,57562.00,66,16.40%,47,"351,848"
GRIFFIN,56752.00,67,29.80%,114,"190,636"
BAKER,56340.00,68,13.60%,38,"413,351"
POWELL,56239.00,69,26.00%,91,"216,553"
BAILEY,56215.00,70,21.10%,66,"265,916"
FORD,56017.00,71,31.40%,124,"178,397"
HOLMES,54841.00,72,36.50%,161,"150,166"
BANKS,53857.00,73,54.20%,278,"99,294"
DANIELS,52499.00,74,37.80%,180,"138,776"
ROSS,52065.00,75,23.70%,89,"219,961"
ROGERS,51992.00,76,17.70%,61,"294,403"
PERRY,51821.00,77,24.40%,97,"212,644"
FOSTER,51259.00,78,23.20%,87,"221,040"
PATTERSON,50950.00,79,25.70%,104,"198,557"
HUNTER,49874.00,80,32.30%,153,"154,410"
OWENS,49127.00,81,27.90%,126,"176,334"
GRANT,49030.00,82,36.60%,192,"134,034"
MARSHALL,46696.00,83,26.40%,125,"177,213"
HENRY,46416.00,84,28.80%,142,"161,392"
MORGAN,45523.00,85,16.50%,62,"276,400"
PRICE,45271.00,86,19.80%,84,"228,756"
WALLACE,45267.00,87,23.70%,113,"190,760"
WARD,45157.00,88,17.80%,71,"254,121"
HAYES,45087.00,89,24.00%,117,"187,473"
BOYD,44753.00,90,29.90%,164,"149,476"
FREEMAN,44690.00,91,27.50%,140,"162,686"
GRAHAM,44094.00,92,22.70%,108,"194,074"
HAMILTON,44016.00,93,22.70%,107,"194,331"
FRANKLIN,43394.00,94,37.80%,236,"114,859"
HAWKINS,42995.00,95,32.10%,191,"134,066"
GORDON,42173.00,96,27.20%,151,"154,934"
SIMS,41975.00,97,39.10%,254,"107,244"
HARRISON,41717.00,98,23.80%,128,"175,577"
ELLIS,41117.00,99,22.60%,121,"181,934"
KELLY,40308.00,100,15.50%,69,"260,385"
HICKS,40156.00,101,26.10%,155,"153,618"
BENNETT,39468.00,102,16.50%,78,"239,055"
JOSEPH,39087.00,103,48.80%,356,"80,030"
GIBSON,38857.00,104,21.10%,119,"184,420"
CRAWFORD,38692.00,105,24.50%,146,"158,121"
JEFFERSON,38644.00,106,75.20%,594,"51,361"
WATKINS,38424.00,107,31.40%,222,"122,447"
TUCKER,38403.00,108,23.60%,139,"162,933"
PORTER,38334.00,109,24.40%,148,"156,848"
WILLIS,38165.00,110,30.40%,216,"125,627"
MASON,38062.00,111,24.50%,149,"155,484"
MATTHEWS,36765.00,112,29.40%,217,"124,839"
FIELDS,36341.00,113,35.20%,264,"103,242"
COOK,36171.00,114,12.30%,60,"294,795"
HUGHES,35441.00,115,15.50%,83,"229,390"
SIMPSON,35019.00,116,22.10%,145,"158,241"
HUDSON,34294.00,117,26.20%,202,"130,793"
COLE,34178.00,118,18.20%,116,"187,793"
WARREN,34151.00,119,23.10%,166,"147,906"
RUSSELL,34017.00,120,15.80%,93,"215,432"
WEST,33547.00,121,17.80%,115,"188,464"
REID,33293.00,122,32.00%,263,"104,007"
MURPHY,33145.00,123,11.00%,58,"300,501"
WELLS,33001.00,124,19.30%,131,"170,635"
MACK,32489.00,125,48.40%,441,"67,154"
MURRAY,32346.00,126,18.10%,123,"178,414"
DOUGLAS,32293.00,127,33.50%,286,"96,425"
BRADLEY,32021.00,128,24.40%,200,"131,289"
FRAZIER,31921.00,129,36.10%,314,"88,325"
SHAW,31391.00,130,20.20%,150,"155,172"
HARPER,30734.00,131,25.60%,226,"119,868"
GREENE,30523.00,132,25.50%,228,"119,604"
ROBERTSON,30421.00,133,20.20%,159,"150,299"
PAYNE,30408.00,134,22.00%,183,"138,028"
PERKINS,30405.00,135,24.00%,212,"126,951"
BYRD,30373.00,136,34.20%,311,"88,811"
SPENCER,30317.00,137,22.60%,189,"134,443"
WEBB,30015.00,138,18.40%,137,"163,481"
OLIVER,29931.00,139,26.80%,248,"111,641"
COX,29311.00,140,11.60%,72,"253,771"
AUSTIN,28856.00,141,25.50%,241,"113,160"
BERRY,28806.00,142,22.30%,205,"129,405"
LAWRENCE,28743.00,143,23.10%,219,"124,321"
MCDONALD,28633.00,144,16.30%,127,"176,094"
MONTGOMERY,28630.00,145,25.50%,246,"112,144"
LOVE,28400.00,146,36.30%,363,"78,323"
MCCOY,28100.00,147,26.40%,258,"106,481"
BURTON,27893.00,148,26.00%,255,"107,158"
BLACK,27875.00,149,18.60%,160,"150,186"
KNIGHT,27401.00,150,20.80%,199,"131,860"
HARVEY,27036.00,151,24.10%,247,"112,136"
ANDREWS,26950.00,152,20.80%,206,"129,320"
CUNNINGHAM,26907.00,153,20.40%,198,"131,896"
STEPHENS,26666.00,154,19.20%,181,"138,742"
ARMSTRONG,26386.00,155,20.30%,204,"129,982"
PETERSON,26349.00,156,9.60%,63,"275,041"
GLOVER,26288.00,157,41.00%,468,"64,180"
LONG,26261.00,158,11.80%,86,"223,494"
HAYNES,26260.00,159,32.00%,341,"82,037"
RILEY,26257.00,160,20.50%,210,"127,960"
HAMPTON,26233.00,161,39.50%,451,"66,378"
WADE,26114.00,162,28.10%,297,"92,834"
MILES,26055.00,163,31.80%,342,"81,933"
PALMER,26035.00,164,17.30%,158,"150,407"
NEAL,25918.00,165,30.90%,333,"83,849"
GARDNER,25888.00,166,18.70%,182,"138,660"
FERGUSON,25677.00,167,18.00%,173,"142,256"
GARRETT,25403.00,168,23.60%,253,"107,777"
TATE,25230.00,169,37.50%,440,"67,208"
SINGLETON,24925.00,170,48.10%,584,"51,797"
HUNT,24819.00,171,16.30%,157,"151,986"
REYNOLDS,24450.00,172,12.50%,106,"195,598"
CURRY,24435.00,173,34.20%,410,"71,344"
CHARLES,24358.00,174,47.30%,589,"51,518"
CHAMBERS,24325.00,175,26.90%,305,"90,325"
HARDY,24308.00,176,31.70%,374,"76,608"
HINES,24273.00,177,35.60%,432,"68,145"
LITTLE,24026.00,178,23.40%,266,"102,718"
WALTON,23812.00,179,33.50%,414,"70,997"
RICE,23811.00,180,16.30%,169,"146,440"
MILLS,23799.00,181,16.10%,165,"147,909"
FISHER,23719.00,182,11.30%,100,"210,279"
MOSLEY,23614.00,183,52.80%,699,"44,698"
CALDWELL,23364.00,184,25.60%,301,"91,338"
BOOKER,23016.00,185,65.60%,902,"35,101"
ALSTON,22867.00,186,81.40%,1140,"28,089"
CARR,22858.00,187,20.10%,239,"113,892"
LAWSON,22703.00,188,19.70%,235,"115,186"
ROBERSON,22402.00,189,42.10%,569,"53,198"
KENNEDY,22278.00,190,13.00%,130,"171,636"
TERRY,22219.00,191,26.60%,336,"83,437"
HOUSTON,22107.00,192,40.90%,563,"54,026"
BURNS,22101.00,193,13.60%,141,"162,153"
MCGEE,22074.00,194,30.70%,404,"71,925"
RAY,21985.00,195,17.10%,208,"128,794"
MYERS,21920.00,196,9.70%,85,"224,824"
FULLER,21752.00,197,20.40%,256,"106,682"
STEVENSON,21642.00,198,29.70%,395,"72,892"
THORNTON,21540.00,199,26.50%,347,"81,191"
WATTS,21523.00,200,25.00%,324,"86,228"
DUNCAN,21493.00,201,16.50%,203,"130,419"
INGRAM,21426.00,202,32.10%,446,"66,665"
PEARSON,21315.00,203,21.60%,281,"98,728"
GAINES,21299.00,204,50.30%,739,"42,369"
DORSEY,21296.00,205,51.80%,763,"41,104"
FLOWERS,21287.00,206,39.20%,560,"54,277"
PARKS,20939.00,207,24.30%,322,"86,346"
LANE,20880.00,208,16.20%,209,"128,727"
GEORGE,20805.00,209,17.40%,227,"119,778"
STEVENS,20682.00,210,11.40%,122,"181,417"
STOKES,20593.00,211,35.10%,510,"58,687"
WARE,20470.00,212,43.80%,667,"46,682"
DAWSON,20224.00,213,25.20%,355,"80,190"
REESE,19897.00,214,27.70%,405,"71,754"
DENNIS,19810.00,215,26.50%,384,"74,784"
FRANCIS,19774.00,216,27.60%,406,"71,723"
HORTON,19628.00,217,23.50%,335,"83,523"
MCKINNEY,19598.00,218,24.30%,353,"80,616"
HOLLOWAY,19563.00,219,35.30%,540,"55,466"
JENNINGS,19462.00,220,22.40%,321,"87,038"
GRAVES,19361.00,221,23.60%,340,"82,179"
TYLER,19223.00,222,30.70%,477,"62,534"
HOPKINS,19185.00,223,20.30%,289,"94,603"
FLEMING,18918.00,224,21.50%,317,"87,949"
BATTLE,18882.00,225,78.90%,1359,"23,934"
WILLIAMSON,18785.00,226,16.70%,245,"112,216"
VAUGHN,18725.00,227,22.00%,327,"85,037"
WIGGINS,18718.00,228,38.70%,641,"48,355"
DUNN,18462.00,229,13.50%,185,"136,955"
CLAY,18427.00,230,39.80%,677,"46,264"
LUCAS,18406.00,231,18.30%,275,"100,417"
JACOBS,18325.00,232,15.90%,233,"115,540"
SUTTON,18243.00,233,20.90%,319,"87,373"
FLOYD,18152.00,234,28.30%,469,"64,141"
PIERRE,18129.00,235,76.90%,1379,"23,575"
DANIEL,18070.00,236,24.10%,380,"75,135"
RIVERS,18066.00,237,50.20%,879,"35,980"
MALONE,18014.00,238,26.00%,426,"69,257"
MOSS,17781.00,239,24.10%,389,"73,750"
DEAN,17728.00,240,16.20%,250,"109,230"
CLARKE,17625.00,241,28.20%,476,"62,546"
CHAPMAN,17583.00,242,14.10%,218,"124,614"
BUSH,17520.00,243,21.50%,346,"81,524"
LOGAN,17500.00,244,27.10%,465,"64,576"
SHELTON,17453.00,245,19.80%,313,"88,326"
BATES,17399.00,246,18.60%,293,"93,743"
GIBBS,17348.00,247,27.80%,478,"62,514"
PIERCE,17242.00,248,12.60%,186,"136,517"
ARNOLD,17217.00,249,12.60%,187,"136,315"
HOLLAND,17210.00,250,17.20%,276,"99,885"
SAUNDERS,17199.00,251,25.60%,439,"67,210"
HART,17115.00,252,12.90%,196,"132,466"
MCCRAY,17014.00,253,67.20%,1278,"25,300"
RHODES,16930.00,254,19.00%,310,"88,917"
WILKINS,16843.00,255,30.00%,532,"56,068"
GILBERT,16838.00,256,15.00%,243,"112,406"
TOWNSEND,16733.00,257,25.00%,444,"66,853"
RICHARDS,16687.00,258,13.30%,215,"125,653"
RODGERS,16532.00,259,22.60%,394,"73,021"
LOWE,16525.00,260,18.50%,309,"89,178"
MATHIS,16336.00,261,31.50%,585,"51,796"
MORRISON,16276.00,262,13.80%,231,"117,939"
NICHOLS,16124.00,263,11.40%,174,"141,936"
FLETCHER,16122.00,264,19.90%,352,"80,932"
CANNON,16118.00,265,23.70%,436,"67,923"
ELLIOTT,16107.00,266,12.20%,197,"132,457"
ROSE,15956.00,267,10.90%,168,"146,924"
HOWELL,15952.00,268,14.60%,249,"109,634"
ANTHONY,15868.00,269,30.40%,580,"52,146"
GLENN,15846.00,270,32.20%,627,"49,241"
GARNER,15844.00,271,22.00%,403,"72,052"
BOONE,15819.00,272,30.60%,587,"51,679"
PITTMAN,15807.00,273,30.00%,573,"52,689"
DICKERSON,15769.00,274,30.90%,602,"51,017"
NORMAN,15749.00,275,24.10%,461,"65,269"
SIMON,15679.00,276,21.00%,383,"74,839"
WHEELER,15624.00,277,12.80%,223,"121,684"
COBB,15450.00,278,24.20%,472,"63,739"
MONROE,15438.00,279,28.90%,567,"53,475"
BARNETT,15347.00,280,16.60%,300,"92,287"
BRANCH,15327.00,281,46.40%,967,"33,040"
CURTIS,15259.00,282,15.40%,280,"98,958"
LYONS,15259.00,282,18.60%,339,"82,258"
MCDANIEL,15131.00,284,17.50%,323,"86,317"
HUBBARD,15101.00,285,22.20%,435,"68,021"
WOODARD,15054.00,286,33.60%,696,"44,830"
LINDSEY,15030.00,287,24.60%,492,"61,199"
PAGE,15020.00,288,18.70%,354,"80,493"
MAYS,14955.00,289,38.40%,809,"38,914"
BOLDEN,14841.00,290,74.10%,1638,"20,015"
RANDOLPH,14820.00,291,37.30%,792,"39,742"
BRADFORD,14726.00,292,28.50%,586,"51,726"
COPELAND,14690.00,293,27.30%,565,"53,771"
PITTS,14665.00,294,30.30%,639,"48,462"
BLAKE,14625.00,295,21.10%,425,"69,279"
SULLIVAN,14620.00,296,6.80%,92,"215,640"
CHANDLER,14545.00,297,19.10%,379,"76,114"
MCCLAIN,14456.00,298,31.70%,688,"45,560"
CARROLL,14412.00,299,11.00%,201,"131,020"
COLLIER,14409.00,300,26.50%,556,"54,414"
MCKENZIE,14399.00,301,26.10%,544,"55,084"
BENJAMIN,14299.00,302,39.20%,868,"36,439"
POPE,14277.00,303,23.10%,486,"61,750"
CUMMINGS,14099.00,304,18.40%,372,"76,707"
MOODY,14052.00,305,22.50%,479,"62,344"
KELLEY,14044.00,306,10.20%,184,"137,555"
SMALL,13998.00,307,30.50%,681,"45,850"
WEAVER,13909.00,308,10.00%,179,"138,811"
WOOD,13873.00,309,5.60%,75,"247,299"
WHITFIELD,13853.00,310,48.60%,1125,"28,475"
TILLMAN,13798.00,311,47.80%,1110,"28,878"
MANNING,13794.00,312,19.10%,402,"72,069"
BULLOCK,13767.00,313,32.00%,722,"43,021"
HODGES,13698.00,314,19.90%,428,"68,868"
MCNEIL,13562.00,315,40.80%,961,"33,239"
WATERS,13506.00,316,20.50%,455,"65,817"
WILEY,13500.00,317,28.40%,653,"47,503"
CLAYTON,13477.00,318,24.60%,548,"54,875"
HARRELL,13475.00,319,27.80%,638,"48,471"
WILKERSON,13408.00,320,28.80%,670,"46,605"
BRIDGES,13347.00,321,25.50%,579,"52,260"
COTTON,13313.00,322,41.90%,1006,"31,759"
BARBER,13312.00,323,17.40%,376,"76,504"
HINTON,13297.00,324,40.00%,962,"33,209"
STANLEY,13275.00,325,14.10%,292,"93,817"
CROSS,13246.00,326,17.60%,382,"75,134"
BOWMAN,13230.00,327,12.90%,268,"102,239"
CALHOUN,13207.00,328,31.90%,757,"41,452"
BENSON,13182.00,329,15.60%,332,"84,233"
ONEAL,13165.00,330,28.50%,680,"46,161"
BURNETT,13134.00,331,22.70%,517,"57,859"
PATTON,13071.00,332,20.20%,464,"64,772"
BALDWIN,13068.00,333,16.50%,361,"79,151"
BLACKWELL,13037.00,334,28.00%,673,"46,495"
TERRELL,12992.00,335,38.30%,946,"33,914"
KNOX,12988.00,336,30.20%,724,"42,937"
GREGORY,12984.00,337,14.60%,312,"88,810"
WEBSTER,12980.00,338,18.50%,418,"70,123"
CRAIG,12964.00,339,14.50%,307,"89,591"
LLOYD,12934.00,340,21.10%,493,"61,154"
MAXWELL,12932.00,341,19.70%,458,"65,779"
BASS,12890.00,342,23.70%,559,"54,296"
WINSTON,12866.00,343,62.60%,1605,"20,537"
LYNCH,12853.00,344,11.20%,237,"114,448"
NEWTON,12831.00,345,17.70%,400,"72,328"
GILMORE,12746.00,346,27.10%,661,"47,050"
SOLOMON,12702.00,347,29.70%,726,"42,839"
ATKINS,12692.00,348,25.50%,619,"49,754"
PETERS,12685.00,349,9.50%,190,"134,231"
FOWLER,12643.00,350,12.30%,267,"102,620"
BONNER,12622.00,351,39.70%,1005,"31,761"
WHITAKER,12608.00,352,23.20%,558,"54,343"
STEELE,12602.00,353,14.90%,331,"84,353"
REEVES,12499.00,354,15.70%,358,"79,817"
BURGESS,12481.00,355,17.40%,407,"71,604"
BEASLEY,12473.00,356,27.00%,679,"46,179"
MOSES,12443.00,357,33.80%,858,"36,814"
RUFFIN,12371.00,358,81.10%,2188,"15,263"
HAIRSTON,12365.00,359,83.00%,2242,"14,891"
RAMSEY,12360.00,360,16.10%,373,"76,625"
HODGE,12275.00,361,24.30%,610,"50,577"
HOLT,12232.00,362,14.40%,329,"84,710"
CHERRY,12108.00,363,35.00%,922,"34,615"
POLK,12088.00,364,47.50%,1270,"25,438"
BREWER,12086.00,365,12.00%,274,"100,465"
RUCKER,12077.00,366,48.00%,1287,"25,160"
MUHAMMAD,12028.00,367,86.10%,2379,13972
NASH,12005.00,368,23.50%,601,"51,021"
CHRISTIAN,12001.00,369,23.40%,597,"51,177"
POOLE,11937.00,370,21.80%,549,"54,706"
HEARD,11927.00,371,53.70%,1469,"22,211"
BARRETT,11901.00,372,12.40%,288,"95,896"
STONE,11834.00,373,7.90%,162,"149,802"
GOODWIN,11830.00,374,16.80%,415,"70,333"
DILLARD,11806.00,375,39.20%,1062,"30,118"
CARSON,11801.00,376,21.10%,537,"55,821"
DAVENPORT,11774.00,377,21.70%,561,"54,206"
NORRIS,11768.00,378,13.80%,326,"85,212"
LEONARD,11721.00,379,13.10%,308,"89,198"
STARKS,11706.00,380,61.90%,1736,"18,911"
PAUL,11675.00,381,16.20%,401,"72,248"
GAMBLE,11633.00,382,35.90%,981,"32,377"
JOYNER,11583.00,383,41.10%,1134,"28,216"
MCBRIDE,11578.00,384,19.00%,495,"60,874"
EPPS,11557.00,385,61.50%,1747,"18,780"
HARMON,11550.00,386,15.90%,399,"72,414"
FARMER,11531.00,387,16.90%,431,"68,309"
RICHARD,11517.00,388,22.10%,581,"52,138"
ELLISON,11447.00,389,27.60%,756,"41,459"
MORTON,11440.00,390,19.50%,509,"58,788"
MCCALL,11417.00,391,27.70%,761,"41,231"
MCDOWELL,11335.00,392,23.90%,652,"47,526"
CHATMAN,11304.00,393,81.10%,2384,"13,935"
PATRICK,11302.00,394,19.40%,513,"58,257"
GREER,11261.00,395,20.60%,552,"54,611"
TYSON,11237.00,396,40.30%,1152,"27,911"
TOLBERT,11219.00,397,49.40%,1444,"22,720"
COVINGTON,11129.00,398,43.80%,1272,"25,403"
BISHOP,11073.00,399,9.70%,238,"114,034"
PRINCE,11048.00,400,24.70%,700,"44,640"
BALLARD,11013.00,401,18.50%,503,"59,660"
MIDDLETON,11007.00,402,27.00%,771,"40,708"
MCKNIGHT,10966.00,403,33.90%,980,"32,386"
STRONG,10940.00,404,25.20%,718,"43,430"
WYNN,10928.00,405,39.00%,1142,"28,048"
SIMMS,10868.00,406,41.30%,1221,"26,296"
MINOR,10849.00,407,36.60%,1078,"29,634"
GOODMAN,10808.00,408,15.10%,409,"71,482"
BURKS,10804.00,409,41.40%,1232,"26,115"
NIXON,10757.00,410,29.80%,877,"36,037"
SAMPSON,10749.00,411,28.90%,844,"37,234"
WALTERS,10741.00,412,10.30%,262,"104,281"
CLEMONS,10695.00,413,42.30%,1282,"25,265"
SAMUEL,10685.00,414,55.60%,1711,"19,225"
NEWMAN,10622.00,415,10.60%,273,"100,491"
STRICKLAND,10622.00,415,16.10%,456,"65,814"
LOUIS,10589.00,417,57.10%,1771,"18,552"
BURRELL,10577.00,418,45.90%,1414,"23,048"
MASSEY,10569.00,419,19.80%,568,"53,459"
SYKES,10546.00,420,39.90%,1214,"26,425"
WESLEY,10543.00,421,48.50%,1512,"21,734"
GIVENS,10494.00,422,44.00%,1364,"23,823"
NICHOLSON,10492.00,423,18.70%,534,"55,986"
PUGH,10423.00,424,26.90%,817,"38,691"
SAMUELS,10423.00,424,51.00%,1611,"20,422"
DUKES,10420.00,426,49.90%,1577,"20,870"
HUMPHREY,10415.00,427,21.90%,655,"47,470"
WELCH,10401.00,428,9.80%,259,"105,804"
POLLARD,10340.00,429,30.30%,937,"34,079"
CARPENTER,10331.00,430,8.10%,211,"127,073"
BRIGGS,10308.00,431,18.00%,522,"57,297"
SPEARS,10304.00,432,25.60%,785,"40,203"
DAY,10290.00,433,10.10%,271,"101,676"
HOOD,10253.00,434,19.10%,566,"53,737"
MCGHEE,10253.00,434,47.20%,1513,"21,727"
GILES,10195.00,436,26.10%,805,"39,002"
SMALLS,10182.00,437,93.40%,3049,10897
BLAIR,10158.00,438,13.50%,380,"75,135"
BUCHANAN,10155.00,439,15.90%,471,"63,825"
MCLEAN,10136.00,440,24.80%,768,"40,871"
HAMMOND,10133.00,441,15.10%,442,"67,063"
WILLIAM,10128.00,442,59.00%,1923,"17,164"
MADISON,10112.00,443,38.10%,1209,"26,548"
MCFADDEN,10095.00,444,33.40%,1058,"30,205"
WHITEHEAD,10091.00,445,23.30%,721,"43,310"
BLUE,10045.00,446,44.80%,1461,"22,422"
BURKE,10011.00,447,8.40%,229,"119,175"
WISE,9991.00,448,15.00%,445,"66,738"
MOBLEY,9951.00,449,36.00%,1160,"27,648"
KEMP,9910.00,450,22.20%,698,"44,701"
RANDALL,9901.00,451,18.90%,574,"52,495"
PEOPLES,9879.00,452,55.90%,1869,"17,664"
WALLS,9792.00,453,25.00%,801,"39,166"
DAVIDSON,9776.00,454,9.60%,269,"102,044"
COLBERT,9728.00,455,45.70%,1544,"21,306"
PAIGE,9722.00,456,52.30%,1766,"18,600"
GILL,9721.00,457,14.20%,430,"68,699"
MCNEAL,9661.00,458,50.00%,1702,"19,321"
MCCLENDON,9658.00,459,54.80%,1871,"17,614"
JAMISON,9651.00,460,36.50%,1211,"26,476"
MAY,9613.00,461,9.40%,270,"101,726"
CONNER,9606.00,462,15.40%,480,"62,335"
ENGLISH,9578.00,463,21.30%,692,"45,032"
GARY,9573.00,464,45.10%,1555,"21,213"
SLAUGHTER,9533.00,465,36.50%,1234,"26,088"
MCMILLAN,9510.00,466,24.40%,810,"38,896"
BLACKMON,9506.00,467,45.90%,1589,"20,711"
GATES,9470.00,468,18.70%,607,"50,748"
LOCKETT,9446.00,469,73.00%,2571,"12,943"
DUDLEY,9384.00,470,27.00%,912,"34,770"
MIMS,9367.00,471,51.30%,1808,"18,248"
HALE,9266.00,472,11.20%,338,"82,955"
GILLIAM,9239.00,473,32.90%,1141,"28,075"
CAIN,9231.00,474,16.00%,516,"57,873"
DIGGS,9213.00,475,68.70%,2468,"13,405"
GOLDEN,9195.00,476,19.20%,648,"47,839"
LOWERY,9188.00,477,22.00%,752,"41,670"
PRESTON,9147.00,478,19.90%,681,"45,850"
WYATT,9122.00,479,17.90%,604,"50,874"
GRIMES,9115.00,480,18.50%,626,"49,245"
BALL,9075.00,481,11.70%,366,"77,561"
TODD,9040.00,482,12.90%,423,"69,810"
MILTON,9030.00,483,45.40%,1652,"19,899"
PAYTON,9023.00,484,39.60%,1440,"22,773"
EVERETT,9021.00,485,23.30%,816,"38,702"
MCCULLOUGH,9019.00,486,20.40%,708,"44,123"
ARRINGTON,8998.00,487,42.40%,1554,"21,216"
SAVAGE,8991.00,488,18.60%,640,"48,367"
MCINTOSH,8989.00,489,22.20%,777,"40,453"
SHEPPARD,8981.00,490,25.30%,889,"35,554"
CROSBY,8973.00,491,23.10%,811,"38,844"
ROWE,8958.00,492,13.50%,452,"66,205"
RANDLE,8957.00,493,68.20%,2524,"13,133"
PRYOR,8948.00,494,33.10%,1189,"27,065"
CAMERON,8925.00,495,17.00%,578,"52,439"
BEARD,8921.00,496,18.90%,660,"47,128"
WOODSON,8921.00,496,54.10%,2014,"16,496"
ALFORD,8901.00,498,29.60%,1064,"30,050"
MYLES,8893.00,499,72.00%,2689,"12,348"
BENTON,8884.00,500,24.00%,851,"37,032"
PRATT,8833.00,501,14.80%,500,"59,801"
PRUITT,8832.00,502,20.80%,736,"42,463"
PICKETT,8826.00,503,28.90%,1046,"30,552"
BLOUNT,8803.00,504,46.60%,1738,"18,882"
DURHAM,8787.00,505,20.70%,740,"42,365"
CALLOWAY,8747.00,506,55.40%,2109,"15,784"
HARDEN,8713.00,507,34.50%,1284,"25,241"
TATUM,8696.00,508,37.30%,1395,"23,300"
BOND,8692.00,509,17.00%,603,"50,980"
NORWOOD,8691.00,510,40.10%,1520,"21,678"
AVERY,8634.00,511,23.10%,840,"37,440"
WALLER,8624.00,512,24.60%,904,"35,001"
NEWSOME,8590.00,513,37.70%,1438,"22,803"
ERVIN,8586.00,514,35.00%,1321,"24,511"
SHIELDS,8553.00,515,17.30%,623,"49,556"
HOGAN,8545.00,516,13.90%,488,"61,651"
SHEPHERD,8540.00,517,14.70%,515,"57,935"
BOWEN,8525.00,518,11.10%,370,"77,078"
BERNARD,8523.00,519,23.30%,864,"36,546"
WOOTEN,8512.00,520,28.20%,1060,"30,185"
JEAN,8499.00,521,55.50%,2172,"15,321"
ROLLINS,8473.00,522,25.10%,949,"33,797"
HOLLEY,8469.00,523,29.00%,1098,"29,215"
LAMBERT,8464.00,524,9.30%,303,"90,618"
BLAND,8463.00,525,33.60%,1286,"25,219"
MERRITT,8457.00,526,19.00%,701,"44,626"
HAYWOOD,8452.00,527,48.30%,1884,"17,485"
ODOM,8449.00,528,25.10%,953,"33,717"
DAWKINS,8441.00,529,60.60%,2382,"13,940"
BOYKIN,8430.00,530,50.90%,2008,"16,565"
HARGROVE,8416.00,531,43.00%,1676,"19,555"
SHANNON,8410.00,532,18.70%,693,"44,902"
DRAKE,8392.00,533,14.20%,506,"59,055"
MADDOX,8389.00,534,24.00%,906,"34,970"
BRAXTON,8386.00,535,74.50%,2938,"11,249"
CHILDS,8376.00,536,30.70%,1178,"27,266"
FOX,8370.00,537,5.70%,167,"147,357"
RICKS,8365.00,538,47.90%,1887,"17,474"
VALENTINE,8359.00,539,22.20%,834,"37,669"
MAYFIELD,8333.00,540,28.60%,1100,"29,136"
HORNE,8332.00,541,23.00%,873,"36,288"
LYLES,8329.00,542,53.30%,2128,"15,632"
BELLAMY,8324.00,543,52.50%,2101,"15,850"
BETHEA,8221.00,544,76.00%,3073,"10,811"
DOTSON,8213.00,545,25.80%,1004,"31,784"
STEWARD,8186.00,546,38.00%,1533,"21,558"
CONLEY,8178.00,547,15.10%,562,"54,194"
GIPSON,8172.00,548,44.70%,1803,"18,289"
YATES,8160.00,549,13.30%,491,"61,400"
HUTCHINSON,8128.00,550,17.00%,649,"47,809"
BEST,8124.00,551,22.00%,855,"36,862"
UNDERWOOD,8110.00,552,14.50%,535,"55,973"
LIVINGSTON,8103.00,553,19.80%,766,"40,964"
MCNAIR,8102.00,554,53.00%,2179,"15,299"
LOCKHART,8077.00,555,30.10%,1195,"26,844"
SHARP,8071.00,556,10.50%,371,"76,868"
FELDER,8061.00,557,67.30%,2767,"11,976"
HIGHTOWER,8060.00,558,42.30%,1723,"19,054"
HERRING,8057.00,559,21.60%,841,"37,353"
HIGGINS,8022.00,560,10.30%,365,"78,107"
SUMMERS,8021.00,561,14.50%,541,"55,391"
MATHEWS,7981.00,562,15.80%,609,"50,608"
TALLEY,7974.00,563,27.40%,1101,"29,082"
MORROW,7971.00,564,14.30%,538,"55,664"
LESTER,7949.00,565,18.10%,709,"43,919"
GALLOWAY,7940.00,566,23.50%,951,"33,773"
WARNER,7929.00,567,9.70%,344,"81,824"
OSBORNE,7883.00,568,12.00%,457,"65,802"
MAYES,7881.00,569,31.70%,1302,"24,853"
ALI,7876.00,570,21.80%,876,"36,079"
MANN,7843.00,571,9.70%,349,"81,022"
HOLLIS,7832.00,572,28.40%,1164,"27,597"
EDMONDS,7820.00,573,32.30%,1339,"24,210"
HARRINGTON,7796.00,574,12.00%,462,"65,131"
BRUCE,7795.00,575,15.00%,583,"52,004"
NOEL,7782.00,576,27.40%,1130,"28,401"
RICHMOND,7761.00,577,21.70%,882,"35,715"
WILDER,7728.00,578,25.70%,1067,"30,023"
KENDRICK,7662.00,579,29.20%,1222,"26,266"
MAGEE,7635.00,580,29.30%,1237,"26,031"
PERSON,7629.00,581,39.90%,1719,"19,129"
CLEVELAND,7619.00,582,25.20%,1056,"30,233"
FINLEY,7614.00,583,20.60%,854,"36,874"
SHERMAN,7613.00,584,10.90%,422,"69,840"
KEYS,7610.00,585,42.80%,1860,"17,763"
GRIFFITH,7588.00,586,9.80%,369,"77,429"
SKINNER,7585.00,587,14.50%,575,"52,490"
KEY,7556.00,588,23.70%,999,"31,882"
WITHERSPOON,7529.00,589,61.30%,2696,"12,283"
DONALDSON,7513.00,590,21.20%,897,"35,387"
MAYO,7457.00,591,22.50%,965,"33,126"
LOFTON,7430.00,592,56.20%,2507,"13,212"
KIRKLAND,7425.00,593,25.70%,1107,"28,937"
WOMACK,7403.00,594,27.50%,1194,"26,890"
PROCTOR,7366.00,595,21.20%,918,"34,682"
FRANCOIS,7346.00,596,68.10%,3079,"10,794"
GRIER,7343.00,597,56.10%,2529,"13,098"
HOLMAN,7330.00,598,23.30%,1016,"31,514"
GROSS,7317.00,599,9.80%,387,"74,285"
BYNUM,7315.00,600,48.10%,2196,"15,204"
HOOKS,7300.00,601,44.70%,2034,"16,341"
HATCHER,7291.00,602,25.70%,1127,"28,424"
CROCKETT,7259.00,603,31.80%,1434,"22,850"
ASHLEY,7256.00,604,19.60%,852,"37,021"
HOBBS,7253.00,605,15.40%,659,"47,220"
CHANEY,7246.00,606,22.30%,979,"32,433"
RUSH,7243.00,607,19.30%,839,"37,470"
HOUSE,7225.00,608,17.80%,776,"40,477"
BRANDON,7222.00,609,28.20%,1260,"25,600"
PARHAM,7218.00,610,46.90%,2164,"15,387"
HESTER,7205.00,611,20.80%,919,"34,675"
HICKMAN,7188.00,612,17.90%,783,"40,224"
DARDEN,7186.00,613,56.80%,2623,"12,652"
CRENSHAW,7185.00,614,41.30%,1895,"17,402"
ARTIS,7178.00,615,81.20%,3688,"8,835"
PENN,7173.00,616,38.60%,1765,"18,601"
DUNLAP,7168.00,617,18.60%,820,"38,516"
DOZIER,7166.00,618,47.10%,2195,"15,207"
GASTON,7158.00,619,39.00%,1797,"18,348"
BRIGHT,7155.00,620,22.30%,992,"32,042"
DUNBAR,7086.00,621,28.50%,1299,"24,871"
FOREMAN,7081.00,622,26.10%,1186,"27,130"
HUFF,7065.00,623,13.10%,564,"53,892"
BRUNSON,7058.00,624,43.80%,2059,"16,118"
BOWERS,7056.00,625,10.90%,466,"64,496"
MCRAE,7053.00,626,41.00%,1920,"17,203"
LOTT,7048.00,627,28.10%,1291,"25,118"
SELLERS,7028.00,628,16.90%,755,"41,561"
GAY,7024.00,629,21.50%,974,"32,672"
CAREY,7003.00,630,12.80%,547,"54,924"
ADDISON,7000.00,631,42.50%,2019,"16,474"
MACKEY,6972.00,632,23.50%,1075,"29,718"
PETTY,6965.00,633,20.30%,933,"34,278"
CRUMP,6959.00,634,34.80%,1643,"19,973"
HENDRICKS,6931.00,635,16.60%,749,"41,879"
VINSON,6915.00,636,28.20%,1318,"24,557"
MARSH,6905.00,637,11.30%,494,"60,999"
RAINEY,6901.00,638,30.80%,1462,"22,397"
SCALES,6884.00,639,54.90%,2649,"12,542"
MANUEL,6880.00,640,28.40%,1337,"24,227"
HOLLINS,6853.00,641,75.60%,3603,"9,060"
BROUSSARD,6835.00,642,26.60%,1249,"25,735"
DUPREE,6802.00,643,43.50%,2126,"15,647"
FULTON,6794.00,644,21.60%,1017,"31,513"
BRANTLEY,6790.00,645,34.00%,1646,"19,953"
HEATH,6781.00,646,13.50%,614,"50,307"
SPENCE,6773.00,647,19.70%,928,"34,435"
MCQUEEN,6755.00,648,36.10%,1757,"18,701"
GRAYSON,6730.00,649,41.70%,2054,"16,158"
MCGILL,6718.00,650,25.50%,1218,"26,354"
GLASS,6703.00,651,16.50%,770,"40,724"
COLES,6703.00,651,49.10%,2431,"13,641"
BUTTS,6702.00,653,28.50%,1381,"23,540"
FELTON,6696.00,654,42.60%,2115,"15,734"
ATKINSON,6694.00,655,13.00%,592,"51,489"
STAFFORD,6675.00,656,14.70%,689,"45,349"
TRAVIS,6674.00,657,20.00%,960,"33,339"
BROCK,6672.00,658,11.20%,502,"59,682"
GOODE,6671.00,659,31.40%,1553,"21,226"
MCLEOD,6664.00,660,22.60%,1088,"29,423"
GUY,6662.00,661,23.80%,1150,"27,934"
SHEPARD,6634.00,662,17.10%,815,"38,705"
TONEY,6615.00,663,37.80%,1886,"17,481"
JEFFRIES,6612.00,664,29.00%,1435,"22,839"
PARRISH,6611.00,665,13.50%,632,"48,823"
MELTON,6604.00,666,13.60%,634,"48,594"
KEITH,6591.00,667,14.10%,663,"46,747"
MCPHERSON,6563.00,668,18.90%,913,"34,763"
FORBES,6529.00,669,20.30%,986,"32,228"
BOLTON,6524.00,670,20.40%,994,"31,995"
SINGLETARY,6515.00,671,50.20%,2559,"12,979"
LINDSAY,6511.00,672,20.50%,1008,"31,744"
ISAAC,6510.00,673,39.90%,2039,"16,312"
HARDIN,6508.00,674,15.60%,753,"41,664"
MARKS,6503.00,675,13.50%,644,"48,281"
BOWENS,6475.00,676,78.30%,3945,"8,270"
LACY,6455.00,677,29.00%,1467,"22,250"
STERLING,6419.00,678,26.40%,1333,"24,314"
AMOS,6412.00,679,28.10%,1436,"22,817"
MCINTYRE,6410.00,680,15.10%,742,"42,335"
GANT,6407.00,681,48.30%,2490,"13,268"
SAWYER,6376.00,682,13.30%,646,"47,979"
MAJOR,6367.00,683,32.20%,1659,"19,791"
SNEED,6361.00,684,37.70%,1963,"16,855"
BRADSHAW,6356.00,685,15.60%,769,"40,794"
BAXTER,6336.00,686,13.20%,647,"47,857"
WINTERS,6332.00,687,14.50%,712,"43,762"
ASKEW,6328.00,688,48.30%,2530,"13,095"
ECHOLS,6313.00,689,45.90%,2417,"13,741"
ALLISON,6294.00,690,12.20%,590,"51,504"
CROWDER,6285.00,691,26.80%,1387,"23,409"
GOODEN,6279.00,692,60.70%,3183,"10,338"
STALLWORTH,6268.00,693,84.90%,4439,7381
SHARPE,6266.00,694,22.50%,1155,"27,862"
DUMAS,6256.00,695,37.60%,1997,"16,660"
SWAIN,6232.00,696,25.70%,1338,"24,220"
SPARKS,6223.00,697,10.00%,481,"62,234"
JETER,6217.00,698,50.10%,2672,"12,419"
BUCKNER,6214.00,699,26.30%,1376,"23,645"
GUILLORY,6213.00,700,43.30%,2308,"14,351"
FITZGERALD,6205.00,701,8.40%,390,"73,522"
PACE,6201.00,702,15.90%,807,"38,975"
MCFARLAND,6194.00,703,15.40%,782,"40,244"
MCCLOUD,6189.00,704,40.90%,2204,"15,125"
FERRELL,6181.00,705,19.20%,987,"32,174"
BRITT,6179.00,706,20.50%,1059,"30,200"
SANFORD,6174.00,707,17.40%,888,"35,565"
BARKER,6170.00,708,7.20%,325,"85,221"
HOLDER,6165.00,709,19.00%,978,"32,466"
ORR,6109.00,710,14.00%,714,"43,666"
BOSTON,6109.00,710,40.70%,2223,"15,003"
VINCENT,6101.00,712,12.10%,608,"50,628"
MCMILLIAN,6098.00,713,55.40%,3020,"11,012"
SEALS,6070.00,714,40.40%,2222,"15,020"
SPANN,6066.00,715,51.90%,2815,"11,691"
COLEY,6065.00,716,40.80%,2243,"14,879"
KIDD,6011.00,717,18.90%,998,"31,886"
JOHNS,6006.00,718,12.70%,656,"47,289"
EASON,5981.00,719,35.30%,1949,"16,923"
STINSON,5964.00,720,23.20%,1254,"25,694"
TROTTER,5960.00,721,31.50%,1734,"18,946"
BONDS,5951.00,722,46.60%,2600,"12,763"
ROUSE,5943.00,723,23.80%,1292,"25,022"
FOUNTAIN,5931.00,724,31.10%,1720,"19,094"
LANG,5924.00,725,9.90%,499,"59,843"
MCGOWAN,5919.00,726,18.70%,1010,"31,669"
QUINN,5895.00,727,7.90%,386,"74,531"
ROACH,5881.00,728,13.20%,704,"44,454"
KIMBLE,5870.00,729,34.30%,1929,"17,138"
PICKENS,5864.00,730,37.60%,2133,"15,597"
FAISON,5858.00,731,75.80%,4242,"7,728"
ROYAL,5847.00,732,39.70%,2264,"14,739"
STEPHENSON,5828.00,733,12.50%,668,"46,662"
MEADOWS,5828.00,733,13.60%,725,"42,884"
RANSOM,5793.00,735,36.80%,2113,"15,754"
LEACH,5790.00,736,13.30%,714,"43,666"
HILLIARD,5789.00,737,29.60%,1675,"19,564"
CARRINGTON,5782.00,738,47.80%,2741,"12,093"
HOLDEN,5753.00,739,16.90%,940,"34,041"
EDMOND,5746.00,740,72.40%,4125,"7,940"
DUBOSE,5745.00,741,46.40%,2682,"12,377"
MCKOY,5745.00,741,84.20%,4746,6825
DICKSON,5743.00,743,16.60%,915,"34,698"
WHITLEY,5727.00,744,22.00%,1236,"26,078"
VANCE,5702.00,745,12.50%,686,"45,763"
REDMOND,5677.00,746,27.10%,1573,"20,919"
PLUMMER,5673.00,747,23.00%,1309,"24,665"
STOVALL,5669.00,748,35.30%,2067,"16,073"
SMILEY,5662.00,749,29.80%,1728,"19,014"
GRADY,5657.00,750,22.50%,1290,"25,121"
BRYAN,5654.00,751,10.20%,542,"55,269"
IRVING,5638.00,752,40.30%,2372,"13,997"
HUGGINS,5635.00,753,26.20%,1538,"21,499"
EWING,5633.00,754,17.10%,969,"32,925"
HERRON,5632.00,755,21.80%,1248,"25,776"
ARMSTEAD,5631.00,756,78.60%,4548,"7,162"
GRIGGS,5630.00,757,23.70%,1369,"23,756"
TOLLIVER,5622.00,758,50.20%,2956,"11,208"
MEEKS,5606.00,759,19.70%,1126,"28,426"
CHASE,5575.00,760,11.00%,606,"50,777"
DICKENS,5563.00,761,30.60%,1814,"18,181"
DRAYTON,5559.00,762,80.10%,4669,"6,944"
JOHN,5556.00,763,20.10%,1161,"27,643"
SHORT,5551.00,764,9.90%,536,"55,903"
DENSON,5551.00,764,47.30%,2808,"11,725"
GUNN,5550.00,766,25.10%,1475,"22,120"
HAWTHORNE,5549.00,767,34.80%,2083,"15,968"
REAVES,5537.00,768,38.30%,2299,"14,465"
SLOAN,5530.00,769,13.10%,743,"42,281"
CHAVIS,5522.00,770,40.20%,2415,"13,744"
REDD,5511.00,771,44.20%,2657,"12,479"
GOINS,5503.00,772,25.20%,1498,"21,872"
ROBBINS,5493.00,773,7.00%,364,"78,141"
LANIER,5469.00,774,27.10%,1625,"20,181"
WILCOX,5466.00,775,9.90%,546,"54,987"
SPIVEY,5460.00,776,26.80%,1615,"20,349"
BOWIE,5452.00,777,49.80%,3036,"10,943"
NEELY,5449.00,778,23.40%,1393,"23,308"
ANTOINE,5447.00,779,71.60%,4321,"7,606"
RIDDICK,5434.00,780,69.00%,4172,"7,876"
YARBROUGH,5433.00,781,22.60%,1350,"24,063"
KIRK,5424.00,782,10.40%,582,"52,056"
NOBLE,5413.00,783,13.50%,784,"40,217"
DARBY,5410.00,784,30.30%,1850,"17,854"
BATISTE,5407.00,785,90.30%,5355,5990
MCNEILL,5399.00,786,29.50%,1806,"18,272"
GRACE,5394.00,787,20.20%,1200,"26,727"
BRITTON,5393.00,788,19.30%,1147,"28,001"
WESTON,5385.00,789,21.80%,1308,"24,679"
ADKINS,5379.00,790,7.50%,408,"71,528"
LONDON,5364.00,791,35.10%,2185,"15,265"
LOVETT,5357.00,792,29.10%,1789,"18,421"
STUBBS,5349.00,793,28.10%,1722,"19,068"
KIMBROUGH,5345.00,794,47.30%,2927,"11,290"
LITTLEJOHN,5319.00,795,46.70%,2893,"11,383"
DAVID,5316.00,796,13.80%,818,"38,659"
ABRAMS,5299.00,797,21.20%,1295,"24,961"
GILLESPIE,5298.00,798,12.80%,758,"41,393"
BACON,5291.00,799,18.10%,1094,"29,312"
GORE,5291.00,799,21.60%,1326,"24,449"
IRVIN,5279.00,801,25.40%,1583,"20,776"
BURCH,5278.00,802,14.90%,891,"35,521"
CONWAY,5277.00,803,12.20%,719,"43,395"
GARRISON,5275.00,804,10.40%,611,"50,482"
MCDUFFIE,5275.00,804,55.60%,3449,"9,479"
HENDRIX,5272.00,806,15.50%,941,"34,032"
MELVIN,5261.00,807,26.90%,1679,"19,523"
MALLORY,5256.00,808,30.90%,1944,"16,987"
RAGLAND,5241.00,809,43.10%,2719,"12,159"
COOLEY,5237.00,810,16.20%,983,"32,287"
BARKSDALE,5227.00,811,54.60%,3425,"9,565"
TANNER,5226.00,812,11.30%,675,"46,412"
BEVERLY,5214.00,813,44.80%,2822,"11,631"
BELTON,5207.00,814,64.20%,4018,"8,111"
POTTS,5205.00,815,13.80%,832,"37,687"
COATES,5205.00,815,24.00%,1523,"21,652"
TIMMONS,5202.00,817,26.10%,1651,"19,900"
DENT,5198.00,818,36.90%,2354,"14,082"
MCCAIN,5174.00,819,28.90%,1842,"17,933"
FAULKNER,5146.00,820,14.50%,896,"35,389"
THORPE,5141.00,821,24.50%,1569,"20,960"
THURMAN,5118.00,822,22.70%,1450,"22,564"
AKINS,5115.00,823,30.30%,1960,"16,860"
FREDERICK,5108.00,824,12.80%,791,"39,909"
BAPTISTE,5097.00,825,69.30%,4448,"7,353"
NANCE,5091.00,826,22.20%,1431,"22,900"
BOWDEN,5079.00,827,21.50%,1373,"23,677"
SCRUGGS,5076.00,828,32.60%,2141,"15,562"
BRINSON,5064.00,829,44.50%,2895,"11,380"
HARDING,5061.00,830,13.20%,823,"38,340"
HERBERT,5050.00,831,20.00%,1285,"25,224"
BARTON,5030.00,832,7.60%,447,"66,622"
COCHRAN,5014.00,833,8.60%,514,"58,233"
BOOTH,5013.00,834,10.30%,635,"48,580"
GENTRY,5011.00,835,11.80%,741,"42,357"
PINKNEY,5006.00,836,84.30%,5396,5938
JARRETT,4998.00,837,24.40%,1610,"20,449"
FAIR,4995.00,838,28.30%,1870,"17,658"
ABRAHAM,4976.00,839,19.30%,1250,"25,729"
PRESSLEY,4971.00,840,40.80%,2712,"12,182"
IVORY,4970.00,841,74.80%,4846,"6,645"
CHRISTOPHER,4969.00,842,17.40%,1124,"28,493"
DAILEY,4958.00,843,16.00%,1038,"30,894"
COOKS,4954.00,844,89.60%,5740,5526
CORBIN,4952.00,845,19.30%,1253,"25,696"
HOSKINS,4952.00,845,21.20%,1391,"23,358"
LAMB,4948.00,847,8.50%,511,"58,555"
TOLIVER,4942.00,848,72.30%,4743,"6,833"
BRICE,4936.00,849,44.30%,2968,"11,153"
ARCHIE,4933.00,850,76.00%,4969,"6,487"
MCLAUGHLIN,4922.00,851,6.70%,392,"73,128"
TRIPLETT,4910.00,852,28.20%,1890,"17,422"
BOYCE,4892.00,853,18.70%,1223,"26,229"
HANDY,4887.00,854,35.80%,2429,"13,655"
WILLS,4878.00,855,17.40%,1143,"28,036"
LIPSCOMB,4877.00,856,38.20%,2597,"12,775"
BRISCOE,4876.00,857,37.40%,2549,"13,030"
FRANK,4865.00,858,7.40%,454,"65,918"
SUGGS,4857.00,859,37.30%,2553,"13,012"
SEWELL,4856.00,860,23.40%,1586,"20,736"
HANNAH,4852.00,861,25.30%,1717,"19,164"
IVEY,4851.00,862,21.50%,1452,"22,552"
BROWNE,4840.00,863,22.90%,1563,"21,109"
RUTLEDGE,4835.00,864,18.60%,1241,"26,010"
FRENCH,4831.00,865,7.70%,473,"63,149"
MCLAURIN,4824.00,866,64.30%,4380,"7,497"
HENSON,4819.00,867,10.30%,669,"46,609"
OVERTON,4815.00,868,26.60%,1822,"18,094"
HAYDEN,4809.00,869,13.30%,878,"36,024"
DONALD,4808.00,870,40.90%,2802,"11,763"
COHEN,4806.00,871,5.50%,320,"87,226"
HOLLIDAY,4806.00,871,24.70%,1686,"19,488"
COOKE,4798.00,873,15.10%,1000,"31,860"
COMBS,4792.00,874,9.00%,570,"53,180"
EASLEY,4787.00,875,30.10%,2094,"15,902"
ELMORE,4786.00,876,18.90%,1279,"25,280"
PRINGLE,4786.00,876,38.40%,2664,"12,460"
MCKAY,4785.00,878,13.00%,853,"36,948"
LOMAX,4782.00,879,52.40%,3579,"9,120"
BUFORD,4778.00,880,54.60%,3722,"8,751"
PURNELL,4761.00,881,61.60%,4243,"7,725"
REDDICK,4759.00,882,51.70%,3546,"9,203"
PHELPS,4747.00,883,9.30%,598,"51,154"
MULLINS,4744.00,884,6.70%,416,"70,286"
BEAN,4743.00,885,12.80%,846,"37,145"
IRBY,4732.00,886,42.90%,3005,"11,040"
IVY,4722.00,887,37.00%,2602,"12,760"
BLACKMAN,4717.00,888,33.90%,2389,"13,897"
QUARLES,4709.00,889,50.80%,3523,"9,264"
HALEY,4700.00,890,12.90%,869,"36,433"
CASEY,4699.00,891,7.20%,463,"64,815"
HOPSON,4698.00,892,39.00%,2748,"12,050"
DYER,4695.00,893,10.10%,671,"46,574"
BENTLEY,4692.00,894,12.10%,814,"38,714"
JOINER,4679.00,895,30.00%,2134,"15,595"
TRAYLOR,4677.00,896,37.00%,2630,"12,627"
LASSITER,4676.00,897,36.80%,2619,"12,699"
LAW,4672.00,898,15.10%,1037,"30,900"
SINCLAIR,4672.00,898,18.00%,1239,"26,014"
BRADY,4669.00,900,6.60%,411,"71,175"
BARR,4659.00,901,11.00%,738,"42,432"
VAUGHAN,4654.00,902,12.40%,837,"37,591"
ROYSTER,4649.00,903,60.70%,4286,"7,658"
POWERS,4647.00,904,5.10%,304,"90,401"
CHEATHAM,4646.00,905,37.50%,2679,"12,403"
RIGGINS,4638.00,906,40.70%,2892,"11,385"
COWAN,4636.00,907,14.40%,985,"32,242"
VANN,4629.00,908,31.70%,2280,"14,602"
DRUMMOND,4622.00,909,27.10%,1937,"17,032"
KIRBY,4607.00,910,8.80%,577,"52,473"
STANFORD,4604.00,911,22.30%,1601,"20,610"
ROY,4600.00,912,9.30%,621,"49,725"
MOHAMED,4597.00,913,36.80%,2655,"12,499"
SMART,4596.00,914,19.10%,1344,"24,114"
SHORTER,4595.00,915,56.60%,4014,"8,122"
ASHFORD,4590.00,916,52.20%,3702,"8,801"
WORTHY,4586.00,917,55.10%,3919,"8,327"
HURT,4576.00,918,22.00%,1584,"20,753"
DODSON,4562.00,919,12.20%,842,"37,298"
HENLEY,4562.00,919,22.50%,1619,"20,276"
RIDLEY,4559.00,921,41.10%,2987,"11,099"
SLATER,4549.00,922,14.40%,1013,"31,569"
LANDRY,4548.00,923,12.00%,828,"37,961"
RATLIFF,4543.00,924,15.60%,1099,"29,142"
DOSS,4543.00,924,22.00%,1598,"20,623"
MCCORMICK,4537.00,926,7.20%,475,"62,663"
SMALLWOOD,4537.00,926,24.90%,1811,"18,227"
BURRIS,4529.00,928,17.40%,1242,"25,998"
CANTY,4527.00,929,58.30%,4221,"7,769"
BETTS,4526.00,930,23.60%,1714,"19,209"
MOSBY,4524.00,931,63.40%,4563,"7,134"
TINSLEY,4523.00,932,30.50%,2255,"14,834"
NEWELL,4522.00,933,14.40%,1021,"31,317"
RAWLS,4514.00,934,40.10%,2933,"11,265"
ELDER,4513.00,935,15.70%,1118,"28,783"
POINDEXTER,4499.00,936,40.20%,2958,"11,201"
WEATHERS,4488.00,937,33.60%,2473,"13,376"
GEE,4484.00,938,18.80%,1363,"23,826"
MEANS,4471.00,939,28.30%,2107,"15,808"
MCALLISTER,4462.00,940,15.60%,1122,"28,586"
TARVER,4462.00,940,49.90%,3654,"8,935"
HURST,4459.00,942,10.00%,702,"44,587"
WILKES,4456.00,943,25.00%,1856,"17,797"
HOOPER,4451.00,944,13.10%,936,"34,084"
BRUMFIELD,4451.00,944,39.20%,2913,"11,350"
OUTLAW,4444.00,946,53.10%,3904,"8,365"
DILLON,4434.00,947,9.10%,631,"48,833"
AYERS,4416.00,948,11.40%,812,"38,836"
PRITCHETT,4413.00,949,24.00%,1796,"18,350"
FINCH,4408.00,950,14.80%,1076,"29,703"
EATON,4404.00,951,9.50%,676,"46,403"
COSBY,4398.00,952,43.50%,3242,"10,121"
NESBITT,4388.00,953,34.10%,2584,"12,878"
MCKINLEY,4382.00,954,19.00%,1410,"23,124"
COBBS,4381.00,955,71.60%,5241,"6,117"
GADSON,4378.00,956,92.80%,6617,4720
LESLIE,4370.00,957,18.00%,1335,"24,266"
BUCKLEY,4364.00,958,10.70%,772,"40,706"
WALL,4352.00,959,8.00%,557,"54,401"
LAMAR,4352.00,959,39.50%,3010,"11,030"
BARRON,4347.00,961,9.40%,678,"46,196"
FORREST,4345.00,962,19.60%,1474,"22,124"
RODRIGUEZ,4343.00,963,0.50%,9,"804,240"
ARCHER,4340.00,964,13.00%,958,"33,411"
PINCKNEY,4335.00,965,70.80%,5234,"6,126"
GARLAND,4327.00,966,16.80%,1251,"25,725"
MOON,4324.00,967,10.30%,748,"42,062"
NICHOLAS,4287.00,968,16.10%,1205,"26,628"
HEAD,4279.00,969,15.70%,1180,"27,218"
MCCLURE,4274.00,970,9.20%,672,"46,505"
HARLEY,4274.00,970,37.50%,2886,"11,409"
HORN,4270.00,972,8.30%,593,"51,380"
CREWS,4270.00,972,18.40%,1404,"23,167"
MICKENS,4265.00,974,85.60%,6298,4980
CRAFT,4255.00,975,13.90%,1044,"30,653"
CASH,4246.00,976,14.90%,1123,"28,572"
RANKIN,4246.00,976,15.20%,1148,"27,989"
RAYMOND,4243.00,978,11.10%,825,"38,158"
BRAY,4242.00,979,12.30%,923,"34,575"
GODFREY,4241.00,980,15.30%,1159,"27,700"
HEMPHILL,4237.00,981,32.50%,2542,"13,054"
FRYE,4233.00,982,11.50%,862,"36,716"
CHAPPELL,4232.00,983,18.40%,1419,"23,001"
RICH,4230.00,984,8.90%,654,"47,477"
BOSTIC,4227.00,985,39.80%,3122,"10,615"
LEMON,4220.00,986,29.00%,2283,"14,573"
LANGSTON,4217.00,987,22.20%,1731,"18,979"
WESTBROOK,4215.00,988,21.30%,1660,"19,781"
DURANT,4215.00,988,36.00%,2811,"11,699"
KENT,4209.00,990,9.90%,733,"42,597"
GARCIA,4206.00,991,0.50%,8,"858,289"
ETIENNE,4195.00,992,73.90%,5603,5678
MCCANTS,4193.00,993,74.80%,5682,"5,602"
BYERS,4191.00,994,13.40%,1022,"31,299"
ROUNDTREE,4179.00,995,69.20%,5309,"6,038"
MERCER,4174.00,996,12.40%,949,"33,797"
BECK,4164.00,997,4.50%,295,"93,161"
HOBSON,4154.00,998,25.10%,2011,"16,517"
MURRELL,4146.00,999,39.10%,3125,"10,600"
HILTON,4142.00,1000,14.70%,1139,"28,098"
HASKINS,4139.00,1001,25.20%,2022,"16,457"
MURRY,4135.00,1002,43.10%,3415,"9,590"
CURRIE,4125.00,1003,24.80%,2000,"16,627"
TRICE,4118.00,1004,51.70%,4121,"7,960"
CLINTON,4109.00,1005,26.10%,2118,"15,714"
HANKINS,4105.00,1006,19.40%,1561,"21,138"
CAPERS,4105.00,1006,80.10%,6160,5122
POSEY,4087.00,1008,20.80%,1669,"19,648"
SHELBY,4081.00,1009,35.10%,2826,"11,624"
STANTON,4080.00,1010,11.70%,909,"34,812"
BURROUGHS,4080.00,1010,24.40%,1990,"16,702"
SPEARMAN,4076.00,1012,51.90%,4184,"7,855"
MACON,4058.00,1013,61.60%,4893,"6,592"
BATTS,4048.00,1014,51.80%,4204,"7,814"
BILLUPS,4048.00,1014,66.60%,5265,"6,082"
ROLAND,4043.00,1016,21.60%,1752,"18,742"
HUTCHINS,4037.00,1017,15.70%,1257,"25,633"
CRAWLEY,4036.00,1018,33.60%,2760,"12,000"
MARTINEZ,4030.00,1019,0.50%,11,"775,072"
JEANBAPTISTE,4028.00,1020,86.70%,6708,4646
BELCHER,4027.00,1021,14.40%,1149,"27,947"
BARLOW,4025.00,1022,13.10%,1041,"30,749"
MOTLEY,4021.00,1023,40.30%,3301,"9,966"
STROUD,4011.00,1024,16.80%,1357,"23,946"
COUNCIL,4011.00,1024,60.90%,4901,"6,584"
LUMPKIN,4006.00,1026,43.80%,3566,"9,144"
NETTLES,4004.00,1027,37.40%,3104,"10,711"
YANCEY,4002.00,1028,30.30%,2503,"13,226"
MERRIWEATHER,3998.00,1029,89.60%,6931,4463
WEATHERSPOON,3997.00,1030,81.40%,6378,4913
TOWNS,3993.00,1031,54.90%,4486,"7,278"
LUCKETT,3991.00,1032,55.00%,4504,"7,254"
CARMICHAEL,3985.00,1033,21.00%,1729,"19,011"
LEVY,3983.00,1034,11.20%,892,"35,464"
MCCLINTON,3981.00,1035,74.20%,5902,"5,368"
EUBANKS,3970.00,1036,20.20%,1673,"19,616"
CHILDRESS,3964.00,1037,16.20%,1324,"24,485"
STREET,3963.00,1038,20.50%,1701,"19,322"
WEEKS,3958.00,1039,9.60%,764,"41,053"
WINFIELD,3957.00,1040,50.80%,4217,"7,788"
DALE,3955.00,1041,13.60%,1103,"28,994"
YOUNGBLOOD,3952.00,1042,22.60%,1884,"17,485"
WILBURN,3951.00,1043,26.50%,2240,"14,899"
SHERROD,3949.00,1044,50.20%,4181,"7,859"
DOYLE,3948.00,1045,5.40%,391,"73,518"
YORK,3948.00,1045,7.70%,596,"51,334"
LACEY,3945.00,1047,22.10%,1854,"17,811"
BURNEY,3945.00,1047,45.60%,3762,"8,653"
STATON,3943.00,1049,28.40%,2388,"13,898"
BROADNAX,3941.00,1050,90.90%,7106,4335
FINNEY,3939.00,1051,23.30%,1950,"16,919"
PARSON,3938.00,1052,31.30%,2644,"12,565"
DYSON,3937.00,1053,34.20%,2869,"11,502"
BURT,3935.00,1054,15.30%,1256,"25,649"
RYAN,3929.00,1055,2.80%,177,"139,335"
GILCHRIST,3929.00,1055,32.20%,2703,"12,210"
GUYTON,3925.00,1057,51.40%,4298,"7,634"
PETTWAY,3911.00,1058,87.30%,6905,4480
SNOW,3906.00,1059,8.50%,687,"45,689"
GAITHER,3905.00,1060,38.10%,3202,"10,255"
DREW,3902.00,1061,17.30%,1451,"22,555"
WINN,3893.00,1062,18.10%,1532,"21,566"
BROWNLEE,3892.00,1063,35.90%,3066,"10,839"
COLVIN,3889.00,1064,17.80%,1495,"21,908"
CHESTER,3874.00,1065,26.50%,2281,"14,595"
RUDOLPH,3873.00,1066,19.90%,1688,"19,462"
UPSHAW,3870.00,1067,55.80%,4675,"6,937"
WAGNER,3863.00,1068,2.50%,152,"154,516"
ALBERT,3861.00,1069,12.40%,1028,"31,159"
SPRUILL,3855.00,1070,53.70%,4534,"7,184"
HOPE,3848.00,1071,23.00%,1988,"16,710"
MCGUIRE,3845.00,1072,6.20%,482,"62,116"
RUSS,3845.00,1072,22.40%,1931,"17,136"
ARTHUR,3842.00,1074,14.00%,1172,"27,383"
STALLINGS,3841.00,1075,22.80%,1968,"16,819"
FARLEY,3838.00,1076,10.30%,849,"37,116"
SAPP,3834.00,1077,19.30%,1655,"19,847"
MYRICK,3819.00,1078,29.60%,2576,"12,896"
GABRIEL,3813.00,1079,17.30%,1482,"22,013"
PLEASANT,3813.00,1079,54.70%,4652,"6,967"
PATE,3811.00,1081,13.20%,1117,"28,804"
ROPER,3806.00,1082,19.50%,1680,"19,520"
KEYES,3805.00,1083,23.80%,2079,"16,020"
WALDEN,3799.00,1084,15.70%,1343,"24,122"
CRAYTON,3798.00,1085,73.00%,6084,"5,203"
HINDS,3796.00,1086,26.60%,2319,"14,291"
LOPEZ,3791.00,1087,0.60%,21,"621,536"
LASTER,3789.00,1088,44.40%,3824,"8,525"
DABNEY,3785.00,1089,55.00%,4712,"6,878"
FORTUNE,3778.00,1090,34.30%,3018,"11,016"
TISDALE,3774.00,1091,38.80%,3359,"9,734"
DALTON,3767.00,1092,7.50%,615,"50,166"
NORTON,3758.00,1093,6.10%,485,"61,805"
KEARNEY,3758.00,1093,18.80%,1647,"19,938"
BARROW,3758.00,1093,24.60%,2184,"15,277"
BULLARD,3755.00,1096,16.70%,1453,"22,539"
HILLS,3755.00,1096,29.20%,2589,"12,867"
HANCOCK,3754.00,1098,7.60%,625,"49,330"
SLEDGE,3752.00,1099,49.70%,4349,"7,550"
MANLEY,3751.00,1100,14.90%,1288,"25,159"
LARRY,3751.00,1100,68.50%,5781,"5,478"
FRIERSON,3747.00,1102,66.50%,5653,"5,631"
LUNDY,3743.00,1103,26.40%,2344,"14,158"
LILLY,3729.00,1104,17.20%,1511,"21,742"
GARNETT,3729.00,1104,37.90%,3331,"9,849"
THOMPKINS,3723.00,1106,70.60%,6008,"5,274"
JACK,3717.00,1107,26.60%,2376,"13,990"
GAYLE,3715.00,1108,55.30%,4808,"6,712"
MIXON,3707.00,1109,30.50%,2720,"12,154"
VEAL,3697.00,1110,48.40%,4299,"7,632"
CANADY,3696.00,1111,43.60%,3852,"8,474"
POTTER,3690.00,1112,5.20%,413,"71,103"
AARON,3690.00,1112,24.80%,2236,"14,904"
HOOKER,3685.00,1114,22.40%,2017,"16,479"
OATES,3672.00,1115,32.40%,2914,"11,346"
OGLESBY,3671.00,1116,30.30%,2733,"12,117"
TOUSSAINT,3669.00,1117,64.50%,5598,"5,686"
FAIRLEY,3668.00,1118,64.10%,5569,"5,723"
BREWSTER,3664.00,1119,19.70%,1770,"18,554"
HEYWARD,3659.00,1120,82.80%,6994,4419
SWIFT,3645.00,1121,15.40%,1372,"23,685"
GASKINS,3644.00,1122,36.90%,3327,"9,869"
FITZPATRICK,3638.00,1123,9.20%,794,"39,501"
GRESHAM,3637.00,1124,32.60%,2963,"11,173"
STATEN,3637.00,1124,50.30%,4518,"7,230"
WILLINGHAM,3633.00,1126,29.10%,2659,"12,475"
WIMBERLY,3628.00,1127,43.20%,3883,"8,406"
SNOWDEN,3623.00,1128,33.60%,3081,"10,788"
CLEMENTS,3616.00,1129,9.70%,843,"37,237"
RAYFORD,3614.00,1130,86.30%,7332,4186
REDDING,3611.00,1131,23.70%,2187,"15,264"
GUIDRY,3610.00,1132,18.10%,1645,"19,967"
CORNELIUS,3607.00,1133,18.60%,1699,"19,342"
HURD,3606.00,1134,18.20%,1654,"19,856"
ELAM,3600.00,1135,26.10%,2413,"13,776"
HAMMONDS,3589.00,1136,29.30%,2700,"12,238"
NUNN,3587.00,1137,24.20%,2258,"14,792"
SLADE,3587.00,1137,30.20%,2783,"11,893"
ISOM,3581.00,1139,36.00%,3304,"9,951"
BRINKLEY,3566.00,1140,27.20%,2525,"13,121"
MCELROY,3564.00,1141,14.80%,1349,"24,064"
GULLEY,3563.00,1142,35.70%,3293,"9,986"
BLUNT,3559.00,1143,47.30%,4361,"7,526"
CORBETT,3555.00,1144,13.80%,1252,"25,722"
CONYERS,3555.00,1144,56.20%,5088,"6,329"
BLEDSOE,3540.00,1146,19.70%,1841,"17,934"
DOWNING,3538.00,1147,12.70%,1154,"27,879"
FONTENOT,3531.00,1148,18.40%,1715,"19,203"
STAPLES,3528.00,1149,21.30%,2007,"16,572"
FELIX,3527.00,1150,11.20%,1011,"31,631"
SNELL,3526.00,1151,16.60%,1556,"21,192"
SWANSON,3513.00,1152,4.60%,375,"76,539"
GANTT,3512.00,1153,40.40%,3747,"8,695"
FARRIS,3509.00,1154,12.10%,1108,"28,928"
MICHEL,3507.00,1155,16.30%,1539,"21,487"
LAMPKIN,3507.00,1155,65.80%,5944,"5,331"
STURDIVANT,3504.00,1157,52.80%,4858,"6,631"
STUART,3502.00,1158,9.80%,883,"35,701"
LAKE,3501.00,1159,11.30%,1035,"30,924"
MACKLIN,3500.00,1160,53.10%,4893,"6,592"
SEAY,3492.00,1161,25.90%,2457,"13,492"
GOSS,3483.00,1162,13.70%,1266,"25,464"
GOODSON,3483.00,1162,22.90%,2191,"15,229"
SYLVESTER,3479.00,1164,18.90%,1784,"18,445"
PRIDE,3474.00,1165,51.30%,4777,"6,768"
MOTEN,3467.00,1166,84.80%,7512,4088
MUSE,3455.00,1167,30.90%,2962,"11,184"
CALVIN,3451.00,1168,38.70%,3664,"8,907"
BEATTY,3448.00,1169,13.70%,1283,"25,245"
CARTWRIGHT,3445.00,1170,15.90%,1522,"21,654"
NOBLES,3442.00,1171,28.30%,2724,"12,149"
ALEXIS,3430.00,1172,68.70%,6288,4991
HULL,3428.00,1173,8.20%,754,"41,656"
HOLLOMAN,3424.00,1174,48.90%,4633,"7,003"
FRANKS,3423.00,1175,11.60%,1080,"29,531"
HYMAN,3418.00,1176,30.10%,2910,"11,354"
ABDULLAH,3411.00,1177,58.20%,5460,5859
CORLEY,3407.00,1178,19.30%,1872,"17,609"
SEARS,3405.00,1179,10.80%,1019,"31,387"
DELANEY,3402.00,1180,10.90%,1027,"31,236"
MCCRARY,3392.00,1181,28.80%,2799,"11,782"
BOSWELL,3386.00,1182,15.40%,1493,"21,927"
KELLER,3385.00,1183,3.60%,290,"94,300"
SALTER,3384.00,1184,24.20%,2375,"13,991"
CASON,3383.00,1185,29.70%,2887,"11,401"
MADDEN,3371.00,1186,9.80%,926,"34,472"
SIMPKINS,3371.00,1186,30.00%,2940,"11,237"
CONNOR,3370.00,1188,12.00%,1138,"28,107"
MCKINNON,3363.00,1189,23.10%,2285,"14,566"
MCWILLIAMS,3359.00,1190,16.70%,1628,"20,135"
DOBBINS,3344.00,1191,22.90%,2279,"14,615"
MCGRIFF,3342.00,1192,61.50%,5827,"5,436"
PRESLEY,3336.00,1193,18.90%,1866,"17,687"
KNOWLES,3335.00,1194,12.20%,1174,"27,380"
BLOCKER,3327.00,1195,38.00%,3721,"8,752"
MCCOLLUM,3325.00,1196,17.20%,1700,"19,341"
AHMED,3321.00,1197,12.50%,1206,"26,607"
SHEFFIELD,3320.00,1198,17.50%,1730,"18,983"
EASTER,3310.00,1199,27.70%,2773,"11,941"
GLADNEY,3310.00,1199,71.00%,6678,"4,663"
BOYKINS,3309.00,1201,92.20%,8457,3588
AIKEN,3306.00,1202,27.50%,2755,"12,014"
BLAKELY,3305.00,1203,29.20%,2924,"11,300"
MCCLELLAN,3298.00,1204,13.20%,1294,"24,986"
DALEY,3296.00,1205,14.20%,1408,"23,132"
CHISHOLM,3285.00,1206,27.30%,2752,"12,027"
PENDLETON,3284.00,1207,20.50%,2076,"16,026"
HAYWARD,3281.00,1208,21.80%,2218,"15,044"
STREETER,3281.00,1208,29.00%,2921,"11,315"
NEWKIRK,3281.00,1208,32.30%,3223,"10,165"
WILKINSON,3280.00,1211,6.20%,576,"52,483"
RUSHING,3280.00,1211,17.40%,1739,"18,853"
MAYBERRY,3275.00,1213,23.30%,2359,"14,060"
HACKETT,3270.00,1214,16.70%,1671,"19,637"
DOWNS,3266.00,1215,9.80%,955,"33,494"
BURDEN,3265.00,1216,26.50%,2694,"12,299"
LYNN,3260.00,1217,8.80%,847,"37,125"
QUEEN,3260.00,1217,18.20%,1847,"17,881"
MINTER,3253.00,1219,33.10%,3336,"9,828"
LEBLANC,3249.00,1220,7.90%,767,"40,923"
LUSTER,3248.00,1221,47.50%,4741,"6,840"
MORELAND,3246.00,1222,18.90%,1921,"17,173"
WHITESIDE,3243.00,1223,29.50%,3026,"10,981"
VICKERS,3242.00,1224,15.00%,1535,"21,544"
EARL,3241.00,1225,21.10%,2170,"15,347"
BRASWELL,3241.00,1225,24.20%,2472,"13,383"
ELLINGTON,3231.00,1227,29.30%,3010,"11,030"
MOULTRIE,3227.00,1228,82.90%,7889,3893
PONDER,3224.00,1229,27.90%,2854,"11,550"
BOBO,3223.00,1230,36.40%,3686,"8,848"
DANCY,3221.00,1231,61.30%,6029,"5,251"
MAPP,3221.00,1231,70.00%,6754,"4,601"
WYCHE,3221.00,1231,74.70%,7149,4311
NOLAN,3216.00,1234,7.20%,705,"44,421"
BEAL,3213.00,1235,16.10%,1648,"19,922"
CHAMPION,3213.00,1235,19.00%,1953,"16,900"
LATHAM,3211.00,1237,15.30%,1572,"20,935"
HOLLINGSWORTH,3203.00,1238,13.80%,1396,"23,294"
FRASER,3200.00,1239,13.00%,1312,"24,616"
ALFRED,3199.00,1240,56.30%,5601,"5,682"
BOGAN,3196.00,1241,42.00%,4326,"7,603"
POINTER,3192.00,1242,45.60%,4630,"7,004"
GATEWOOD,3191.00,1243,39.90%,4096,"7,999"
MOORER,3191.00,1243,71.70%,6946,"4,451"
RUTHERFORD,3189.00,1245,11.60%,1167,"27,539"
DOCKERY,3188.00,1246,28.70%,2983,"11,108"
HIGH,3187.00,1247,24.10%,2500,"13,236"
TEAGUE,3185.00,1248,13.40%,1371,"23,731"
CADE,3184.00,1249,41.40%,4264,"7,693"
MOYE,3178.00,1250,45.20%,4609,"7,036"
DRAPER,3177.00,1251,13.70%,1397,"23,242"
REECE,3176.00,1252,13.70%,1400,"23,216"
RIVERA,3174.00,1253,1.10%,59,"299,463"
BLANCHARD,3173.00,1254,8.60%,860,"36,764"
MABRY,3173.00,1254,25.40%,2654,"12,508"
LAWS,3170.00,1256,22.80%,2391,"13,891"
HUNTLEY,3169.00,1257,26.00%,2715,"12,175"
BOWLES,3168.00,1258,13.70%,1405,"23,157"
TOWNES,3164.00,1259,68.30%,6717,"4,633"
DINKINS,3163.00,1260,54.50%,5505,"5,806"
GARVIN,3160.00,1261,24.30%,2551,"13,027"
JOHNSTON,3159.00,1262,2.50%,207,"128,935"
BROUGHTON,3155.00,1263,27.30%,2844,"11,574"
HOLIDAY,3152.00,1264,48.60%,4968,"6,491"
RUFF,3151.00,1265,21.00%,2220,"15,035"
STRINGER,3136.00,1266,18.90%,1999,"16,634"
FORTE,3136.00,1266,27.50%,2891,"11,387"
BLANKS,3126.00,1268,52.50%,5384,"5,956"
GREENWOOD,3123.00,1269,12.90%,1334,"24,301"
LOCKE,3121.00,1270,11.80%,1210,"26,516"
WHALEY,3104.00,1271,14.10%,1484,"22,000"
HADLEY,3104.00,1271,15.00%,1590,"20,710"
PHILLIP,3103.00,1273,51.80%,5351,"5,994"
BILLINGSLEY,3101.00,1274,27.10%,2876,"11,460"
BESS,3091.00,1275,33.50%,3532,"9,229"
ALDRIDGE,3089.00,1276,13.90%,1472,"22,160"
WOODRUFF,3083.00,1277,12.00%,1258,"25,626"
ELDRIDGE,3078.00,1278,12.60%,1322,"24,510"
SUMPTER,3078.00,1278,41.00%,4375,"7,504"
BARRY,3077.00,1280,6.80%,691,"45,044"
QUICK,3072.00,1281,12.70%,1347,"24,095"
BIBBS,3072.00,1281,79.50%,7948,3862
WEEMS,3071.00,1283,32.20%,3432,"9,544"
CLIFTON,3068.00,1284,12.50%,1320,"24,523"
STUCKEY,3068.00,1284,27.00%,2898,"11,374"
AUGUSTIN,3066.00,1286,53.50%,5566,"5,731"
SWANN,3062.00,1287,25.60%,2773,"11,941"
LANCASTER,3055.00,1288,9.60%,1009,"31,686"
LEGGETT,3052.00,1289,24.60%,2678,"12,406"
THORNE,3049.00,1290,16.70%,1812,"18,222"
TEMPLE,3048.00,1291,14.00%,1507,"21,771"
BRAGG,3046.00,1292,14.10%,1536,"21,540"
LATTIMORE,3042.00,1293,66.40%,6787,"4,578"
DRIVER,3040.00,1294,20.20%,2219,"15,036"
FENNELL,3040.00,1294,27.90%,3052,"10,884"
GASKIN,3039.00,1296,45.00%,4779,"6,754"
MARION,3037.00,1297,21.10%,2307,"14,364"
LOVELACE,3032.00,1298,22.70%,2478,"13,359"
DYE,3031.00,1299,11.00%,1163,"27,627"
HARDAWAY,3031.00,1299,63.20%,6528,"4,793"
MEDLEY,3026.00,1301,23.00%,2520,"13,152"
LIGGINS,3018.00,1302,87.00%,8723,3468
NEWSON,3016.00,1303,70.20%,7159,"4,299"
BROWNING,3011.00,1304,7.10%,732,"42,642"
LINTON,3011.00,1304,22.00%,2428,"13,660"
SNEAD,3010.00,1306,30.00%,3276,"10,022"
THIGPEN,3009.00,1307,33.20%,3599,"9,068"
FLORENCE,3007.00,1308,33.60%,3652,"8,943"
DODD,3006.00,1309,10.00%,1065,"30,029"
FAVORS,3002.00,1310,77.20%,7896,3889
MICHAEL,3000.00,1311,7.60%,798,"39,369"
WOODLEY,2995.00,1312,45.40%,4880,"6,603"
BIGGS,2994.00,1313,13.20%,1448,"22,634"
BURNETTE,2993.00,1314,18.20%,2026,"16,409"
WOODY,2992.00,1315,16.60%,1825,"18,069"
CHESTNUT,2991.00,1316,38.50%,4220,"7,772"
HEWITT,2990.00,1317,10.40%,1114,"28,857"
BUNCH,2990.00,1317,13.90%,1529,"21,574"
BRACEY,2988.00,1319,58.40%,6162,"5,119"
ALLEYNE,2988.00,1319,87.10%,8797,3430
BARFIELD,2986.00,1321,23.60%,2622,"12,670"
SPRINGER,2983.00,1322,9.60%,1031,"31,044"
FROST,2979.00,1323,7.30%,774,"40,582"
PULLIAM,2974.00,1324,27.20%,3044,"10,923"
BAYLOR,2972.00,1325,48.80%,5261,"6,090"
ROLLE,2968.00,1326,75.10%,7752,3952
DOBSON,2957.00,1327,16.10%,1798,"18,342"
PIERRELOUIS,2953.00,1328,85.40%,8757,3456
COATS,2951.00,1329,19.30%,2185,"15,265"
SHIVERS,2950.00,1330,44.30%,4836,"6,658"
KYLES,2950.00,1330,74.20%,7717,3974
CONEY,2948.00,1332,65.70%,6900,"4,487"
RAINES,2946.00,1333,14.50%,1614,"20,373"
SAVOY,2946.00,1333,40.30%,4464,"7,304"
MOTON,2946.00,1333,84.60%,8688,3482
POLITE,2945.00,1336,83.90%,8624,3511
HERNDON,2944.00,1337,15.60%,1742,"18,838"
DAVISON,2943.00,1338,13.60%,1524,"21,627"
CARLTON,2943.00,1338,14.20%,1587,"20,727"
WOODEN,2943.00,1338,43.30%,4768,"6,796"
GATLIN,2930.00,1341,28.80%,3226,"10,162"
MOUTON,2930.00,1341,48.70%,5335,"6,015"
LANGFORD,2928.00,1343,15.70%,1763,"18,650"
BARBOUR,2928.00,1343,20.60%,2338,"14,188"
MCLEMORE,2924.00,1345,28.00%,3157,"10,448"
VINES,2922.00,1346,29.70%,3339,"9,823"
CHISOLM,2917.00,1347,72.70%,7642,4012
SADLER,2915.00,1348,13.90%,1571,"20,939"
DANDRIDGE,2910.00,1349,73.30%,7723,3971
YOUNGER,2907.00,1350,27.80%,3158,"10,444"
BINGHAM,2902.00,1351,11.90%,1332,"24,327"
BRYSON,2900.00,1352,16.40%,1867,"17,680"
WADDELL,2897.00,1353,13.90%,1576,"20,885"
PARRIS,2897.00,1353,24.20%,2764,"11,977"
MOHAMMED,2896.00,1355,30.20%,3419,"9,585"
BEY,2894.00,1356,60.20%,6510,"4,809"
SAMS,2884.00,1357,18.70%,2158,"15,446"
GIBBONS,2882.00,1358,9.90%,1104,"28,993"
WHITNEY,2881.00,1359,8.40%,934,"34,251"
PRATHER,2875.00,1360,18.40%,2129,"15,631"
GUNTER,2874.00,1361,12.10%,1368,"23,775"
GILLIS,2873.00,1362,15.60%,1786,"18,438"
DOWELL,2873.00,1362,18.90%,2192,"15,226"
BOWSER,2873.00,1362,20.40%,2356,"14,071"
SOWELL,2866.00,1365,31.50%,3590,"9,093"
MINGO,2866.00,1365,66.30%,7125,"4,325"
JARVIS,2860.00,1367,8.40%,939,"34,050"
DOWDELL,2858.00,1368,60.90%,6647,"4,690"
MOFFETT,2854.00,1369,24.80%,2863,"11,524"
SAM,2849.00,1370,29.70%,3413,"9,600"
EARLY,2846.00,1371,20.50%,2396,"13,855"
PENNINGTON,2844.00,1372,7.10%,779,"40,339"
TRENT,2841.00,1373,15.20%,1759,"18,679"
TORRENCE,2839.00,1374,46.10%,5210,"6,160"
WALTER,2838.00,1375,6.00%,651,"47,615"
WHITMORE,2836.00,1376,18.70%,2202,"15,135"
COFIELD,2836.00,1376,55.50%,6172,"5,112"
POE,2835.00,1378,12.40%,1433,"22,865"
CARLISLE,2832.00,1379,14.40%,1663,"19,718"
MOSELEY,2832.00,1379,16.90%,1981,"16,736"
CATO,2823.00,1381,35.60%,4125,"7,940"
FOY,2821.00,1382,20.70%,2432,"13,630"
DOE,2818.00,1383,24.30%,2834,"11,603"
NIX,2813.00,1384,12.30%,1437,"22,814"
GREY,2812.00,1385,22.80%,2691,"12,338"
SPRIGGS,2809.00,1386,41.40%,4773,"6,778"
SHIPP,2806.00,1387,25.00%,2944,"11,231"
CANADA,2806.00,1387,31.50%,3663,"8,910"
SHABAZZ,2806.00,1387,91.80%,9761,3056
SEARCY,2804.00,1390,28.60%,3343,"9,790"
SAMPLE,2803.00,1391,24.60%,2885,"11,414"
WOLFE,2801.00,1392,3.40%,337,"83,112"
REMBERT,2796.00,1393,80.20%,8679,3487
BAGLEY,2792.00,1394,16.70%,1979,"16,739"
WEBBER,2788.00,1395,10.70%,1228,"26,178"
MONTAGUE,2785.00,1396,26.00%,3100,"10,720"
CLAIBORNE,2783.00,1397,57.00%,6418,"4,885"
DICKEY,2780.00,1398,11.90%,1388,"23,401"
LARKIN,2772.00,1399,12.10%,1418,"23,004"
FARROW,2767.00,1400,26.90%,3196,"10,282"
HATCHETT,2767.00,1400,51.90%,5942,"5,334"
FAULK,2762.00,1402,24.80%,2969,"11,148"
PETTIS,2761.00,1403,39.20%,4609,"7,036"
CAMP,2758.00,1404,9.40%,1087,"29,432"
CAGE,2751.00,1405,56.00%,6377,"4,914"
EDMONDSON,2750.00,1406,21.00%,2528,"13,107"
BIVENS,2749.00,1407,30.20%,3582,"9,113"
HEARN,2748.00,1408,18.70%,2270,"14,680"
DELOACH,2748.00,1408,30.40%,3617,"9,031"
JUSTICE,2746.00,1410,8.90%,1032,"30,956"
VERNON,2745.00,1411,15.90%,1911,"17,267"
CHEEKS,2745.00,1411,72.80%,8106,3769
JERNIGAN,2744.00,1413,17.90%,2182,"15,298"
WHITTAKER,2741.00,1414,16.70%,2023,"16,441"
CELESTINE,2740.00,1415,87.30%,9506,3137
MCKEE,2735.00,1416,6.30%,717,"43,555"
STAMPS,2732.00,1417,39.20%,4655,"6,962"
PEGUES,2730.00,1418,80.00%,8839,3411
TALBERT,2727.00,1419,24.00%,2900,"11,370"
MALLOY,2726.00,1420,17.00%,2070,"16,056"
SHULER,2726.00,1420,25.10%,3063,"10,844"
LANGLEY,2725.00,1422,10.30%,1208,"26,560"
BROOKINS,2721.00,1423,55.70%,6414,"4,887"
PIERSON,2720.00,1424,9.80%,1158,"27,730"
POWE,2713.00,1425,69.30%,7844,"3,915"
GIST,2709.00,1426,44.20%,5234,"6,126"
CARNEY,2708.00,1427,8.40%,984,"32,282"
CHAMBLISS,2706.00,1428,46.10%,5454,"5,868"
EZELL,2705.00,1429,24.80%,3042,"10,926"
GANDY,2703.00,1430,27.10%,3290,"9,990"
WILKS,2701.00,1431,31.10%,3749,"8,686"
VICTOR,2700.00,1432,27.00%,3282,"10,015"
KERR,2698.00,1433,6.30%,729,"42,758"
LAWTON,2696.00,1434,20.30%,2488,"13,272"
GREGG,2693.00,1435,10.60%,1267,"25,457"
NESMITH,2689.00,1436,39.00%,4698,"6,898"
TUBBS,2687.00,1437,22.00%,2709,"12,191"
BURLEY,2685.00,1438,30.70%,3725,"8,743"
HERNANDEZ,2684.00,1439,0.40%,15,"706,372"
BROCKINGTON,2684.00,1439,84.10%,9365,3191
BEAMON,2681.00,1441,65.00%,7440,"4,125"
JEANLOUIS,2681.00,1441,85.80%,9546,3124
GRANGER,2680.00,1443,16.00%,1986,"16,721"
ABERNATHY,2680.00,1443,16.50%,2051,"16,194"
KIRKSEY,2678.00,1445,51.20%,6050,"5,230"
DUKE,2676.00,1446,7.90%,952,"33,745"
BARKLEY,2676.00,1446,20.70%,2573,"12,940"
ROBY,2674.00,1448,29.80%,3630,"8,986"
BLACKBURN,2673.00,1449,7.00%,826,"38,137"
SUBER,2670.00,1450,64.40%,7415,"4,144"
NICKERSON,2664.00,1451,17.30%,2162,"15,409"
WINFREY,2663.00,1452,40.90%,4951,"6,518"
CODY,2660.00,1453,14.10%,1739,"18,853"
HUMPHRIES,2655.00,1454,14.90%,1857,"17,785"
SWAN,2654.00,1455,12.00%,1477,"22,082"
EDWARD,2654.00,1455,51.00%,6074,"5,207"
MCFARLANE,2653.00,1457,32.50%,3995,"8,160"
BOSTICK,2649.00,1458,34.80%,4314,"7,614"
BAINES,2646.00,1459,46.40%,5586,"5,702"
CLEMMONS,2644.00,1460,35.20%,4370,"7,515"
GADDY,2634.00,1461,33.20%,4138,"7,926"
PHIPPS,2631.00,1462,11.50%,1429,"22,919"
TRAMMELL,2630.00,1463,21.70%,2739,"12,098"
DORTCH,2627.00,1464,60.10%,7061,"4,368"
ZEIGLER,2621.00,1465,20.80%,2631,"12,626"
AGEE,2618.00,1466,24.70%,3126,"10,595"
GODWIN,2614.00,1467,11.80%,1480,"22,062"
ASH,2614.00,1467,12.80%,1609,"20,500"
MURDOCK,2612.00,1469,13.70%,1724,"19,041"
GRIGSBY,2611.00,1470,23.70%,3017,"11,017"
BUGGS,2611.00,1470,85.90%,9822,3038
JOLLY,2609.00,1472,17.20%,2198,"15,166"
BECKFORD,2609.00,1472,77.40%,8925,3371
HANSON,2607.00,1474,2.40%,251,"109,079"
BLANTON,2606.00,1475,11.00%,1375,"23,665"
BENFORD,2604.00,1476,69.20%,8122,"3,761"
PERRYMAN,2603.00,1477,29.00%,3638,"8,974"
DEBERRY,2602.00,1478,48.00%,5845,"5,424"
HASSAN,2600.00,1479,21.70%,2762,"11,993"
MINCEY,2599.00,1480,49.70%,6045,"5,233"
CRUTCHFIELD,2593.00,1481,29.50%,3703,"8,799"
KINSEY,2591.00,1482,16.90%,2169,"15,357"
LETT,2585.00,1483,43.10%,5351,"5,994"
MCAFEE,2575.00,1484,21.70%,2789,"11,855"
SPEIGHT,2575.00,1484,49.20%,6040,"5,237"
KENDALL,2566.00,1486,8.70%,1082,"29,524"
BODDIE,2563.00,1487,74.10%,8748,3458
DANTZLER,2561.00,1488,70.40%,8357,3640
GAUSE,2558.00,1489,48.90%,6042,"5,235"
MEYERS,2548.00,1490,4.50%,528,"56,744"
WHITING,2548.00,1490,16.20%,2116,"15,719"
BEAVERS,2547.00,1492,16.60%,2175,"15,316"
CALLAHAN,2546.00,1493,5.10%,617,"49,925"
RHONE,2545.00,1494,60.30%,7276,"4,224"
PETTIFORD,2543.00,1495,85.20%,9973,2985
JOYCE,2542.00,1496,7.50%,948,"33,843"
ABNEY,2541.00,1497,26.10%,3355,"9,743"
MAJORS,2539.00,1498,26.80%,3448,"9,480"
EMERSON,2534.00,1499,8.40%,1066,"30,028"
FLOURNOY,2531.00,1500,49.60%,6180,"5,104"
JILES,2525.00,1501,61.80%,7515,"4,086"
WHITLOCK,2524.00,1502,15.20%,2003,"16,603"
LEAK,2524.00,1502,60.60%,7376,"4,165"
GOULD,2523.00,1504,6.70%,836,"37,660"
SILAS,2516.00,1505,60.60%,7399,4153
COMPTON,2512.00,1506,7.20%,910,"34,788"
SNIPES,2511.00,1507,31.50%,4107,"7,984"
NEWBY,2507.00,1508,22.60%,2994,"11,079"
MILLIGAN,2506.00,1509,11.40%,1497,"21,887"
GETER,2506.00,1509,78.30%,9346,3200
JAMERSON,2505.00,1511,52.40%,6538,"4,782"
GOLDSMITH,2502.00,1512,15.40%,2046,"16,238"
GRICE,2502.00,1512,29.50%,3846,"8,483"
PURVIS,2498.00,1514,15.20%,2028,"16,381"
WHITTINGTON,2496.00,1515,14.50%,1924,"17,163"
TILLERY,2496.00,1515,32.60%,4285,"7,666"
KILGORE,2492.00,1517,11.70%,1548,"21,264"
LEMONS,2489.00,1518,20.70%,2756,"12,013"
SMOOT,2489.00,1518,27.80%,3646,"8,955"
CHISM,2488.00,1520,31.00%,4082,"8,030"
BUSBY,2485.00,1521,16.10%,2161,"15,424"
LIGHTFOOT,2482.00,1522,30.30%,3982,"8,190"
BASKERVILLE,2472.00,1523,72.20%,8808,3424
MCGRUDER,2470.00,1524,76.90%,9314,3213
MEREDITH,2463.00,1525,10.30%,1358,"23,937"
MCCAULEY,2462.00,1526,10.30%,1360,"23,926"
WHATLEY,2462.00,1526,22.30%,3008,"11,039"
CADET,2460.00,1528,82.60%,9988,2979
ODEN,2459.00,1529,31.60%,4218,"7,786"
SPEED,2457.00,1530,34.70%,4589,"7,082"
SEYMOUR,2452.00,1531,10.00%,1327,"24,427"
AGNEW,2452.00,1531,25.40%,3398,"9,644"
LAND,2451.00,1533,11.80%,1594,"20,687"
VEREEN,2449.00,1534,73.90%,9064,3316
DALLAS,2446.00,1535,27.80%,3698,"8,811"
BOYER,2445.00,1536,4.90%,622,"49,601"
EUGENE,2445.00,1536,77.40%,9436,3160
BLACKSHEAR,2441.00,1538,67.20%,8370,"3,633"
GILLIARD,2441.00,1538,70.50%,8741,3461
COKER,2438.00,1540,10.80%,1447,"22,636"
AUGUSTINE,2437.00,1541,18.60%,2534,"13,093"
LANDRUM,2437.00,1541,20.60%,2790,"11,851"
BRATHWAITE,2433.00,1543,86.50%,10473,2812
SPIKES,2429.00,1544,55.60%,7063,"4,367"
MANNS,2428.00,1545,41.00%,5414,"5,921"
BUIE,2428.00,1545,43.70%,5721,"5,556"
BASKIN,2426.00,1547,37.10%,4937,"6,537"
PITT,2424.00,1548,28.00%,3755,"8,666"
BETHEL,2423.00,1549,33.30%,4483,"7,285"
BARTLEY,2420.00,1550,15.00%,2055,"16,154"
JEFFERS,2418.00,1551,14.30%,1954,"16,895"
PRATER,2417.00,1552,13.00%,1769,"18,565"
COURTNEY,2411.00,1553,9.00%,1202,"26,668"
BUSSEY,2409.00,1554,34.10%,4595,"7,063"
DIALLO,2409.00,1554,90.50%,10975,2661
ESTES,2408.00,1556,6.70%,880,"35,839"
HAILEY,2407.00,1557,34.30%,4627,"7,008"
LUKE,2406.00,1558,14.10%,1940,"17,016"
STITH,2406.00,1558,47.80%,6250,"5,033"
ROWLAND,2405.00,1560,7.00%,925,"34,498"
FORT,2405.00,1560,30.40%,4151,"7,900"
HIGGS,2404.00,1562,24.00%,3275,"10,026"
HOLLY,2404.00,1562,27.10%,3680,"8,856"
STARLING,2400.00,1564,25.70%,3502,"9,337"
RANKINS,2398.00,1565,69.50%,8762,3450
JASPER,2397.00,1566,26.30%,3576,"9,125"
MALCOLM,2393.00,1567,24.80%,3399,"9,643"
VARNER,2391.00,1568,13.80%,1910,"17,274"
HAMLIN,2388.00,1569,14.60%,2031,"16,358"
SHELL,2388.00,1569,18.20%,2523,"13,143"
MAHONE,2388.00,1569,68.20%,8647,3499
HINSON,2387.00,1572,12.40%,1706,"19,293"
FRASIER,2387.00,1572,30.20%,4149,"7,903"
ARMOUR,2386.00,1574,30.90%,4250,"7,711"
HICKSON,2385.00,1575,44.60%,5929,"5,345"
MCMULLEN,2384.00,1576,11.90%,1642,"19,998"
PARNELL,2383.00,1577,16.90%,2358,"14,069"
BEDFORD,2381.00,1578,27.50%,3764,"8,651"
BRENT,2381.00,1578,32.00%,4408,"7,436"
THAMES,2381.00,1578,33.80%,4604,"7,052"
DOVE,2380.00,1581,16.90%,2351,"14,106"
SUTHERLAND,2379.00,1582,8.40%,1128,"28,417"
JEMISON,2379.00,1582,65.90%,8414,"3,608"
CROWELL,2378.00,1584,13.90%,1931,"17,136"
KYLE,2377.00,1585,13.40%,1861,"17,750"
YANCY,2376.00,1586,53.60%,6977,"4,429"
MCCORD,2372.00,1587,13.80%,1918,"17,216"
MCGRAW,2371.00,1588,11.50%,1592,"20,704"
CORNISH,2368.00,1589,30.00%,4160,"7,887"
MAYNARD,2367.00,1590,6.60%,884,"35,648"
BENDER,2366.00,1591,6.20%,821,"38,464"
HAMM,2362.00,1592,8.90%,1216,"26,392"
LOYD,2358.00,1593,17.60%,2464,"13,422"
SHIRLEY,2356.00,1594,8.60%,1176,"27,300"
SILVER,2356.00,1594,10.70%,1489,"21,956"
ABRAM,2355.00,1596,45.90%,6140,"5,136"
ABBOTT,2354.00,1597,4.60%,588,"51,620"
PEEPLES,2353.00,1598,33.80%,4657,"6,961"
FLOOD,2348.00,1599,14.10%,1998,"16,652"
PEREZ,2345.00,1600,0.50%,29,"488,521"
DOWDY,2345.00,1600,17.70%,2494,"13,249"
MCDANIELS,2337.00,1602,33.80%,4692,"6,907"
MULLEN,2336.00,1603,6.40%,867,"36,442"
DINGLE,2335.00,1604,60.10%,7899,"3,887"
PANNELL,2333.00,1605,28.80%,4022,"8,103"
GAVIN,2331.00,1606,17.20%,2453,"13,515"
CARSWELL,2331.00,1606,38.60%,5308,"6,039"
SANDS,2330.00,1608,12.60%,1787,"18,430"
WARFIELD,2330.00,1608,31.90%,4470,"7,301"
TIBBS,2328.00,1610,33.70%,4690,"6,908"
COSTON,2320.00,1611,48.80%,6580,"4,750"
TOMPKINS,2319.00,1612,9.90%,1385,"23,468"
JACQUES,2319.00,1612,17.90%,2572,"12,942"
SESSION,2318.00,1614,87.30%,10996,2654
FOWLKES,2312.00,1615,53.20%,7098,"4,343"
CLOUD,2310.00,1616,16.50%,2377,"13,985"
MCCASKILL,2309.00,1617,42.20%,5792,"5,466"
KAMARA,2307.00,1618,87.80%,11095,2627
GOFF,2306.00,1619,7.30%,1001,"31,806"
CHANCE,2306.00,1619,17.00%,2441,"13,586"
GERALD,2305.00,1621,46.20%,6281,"4,994"
BUCK,2300.00,1622,5.40%,737,"42,441"
HANNA,2300.00,1622,6.50%,887,"35,599"
CLEMENT,2300.00,1622,9.90%,1398,"23,233"
HARRY,2300.00,1622,26.10%,3703,"8,799"
BILLINGS,2298.00,1626,10.60%,1509,"21,764"
HANEY,2295.00,1627,7.00%,976,"32,644"
BATTLES,2295.00,1627,31.60%,4500,"7,260"
BARBEE,2294.00,1629,21.80%,3149,"10,501"
PETTIGREW,2293.00,1630,30.60%,4379,"7,500"
PETTAWAY,2291.00,1631,91.60%,11536,2500
DESIR,2290.00,1632,82.10%,10557,2788
BAUGH,2289.00,1633,18.80%,2721,"12,152"
GAINEY,2288.00,1634,28.30%,4025,"8,099"
GLADDEN,2283.00,1635,33.00%,4688,"6,909"
KINNEY,2281.00,1636,7.40%,1032,"30,956"
CRUTCHER,2280.00,1637,38.80%,5449,"5,872"
ROZIER,2275.00,1638,54.70%,7388,"4,159"
SPICER,2272.00,1639,12.70%,1846,"17,901"
MANGUM,2267.00,1640,24.50%,3521,"9,271"
MATLOCK,2266.00,1641,18.90%,2754,"12,017"
EADDY,2266.00,1641,72.40%,9526,3130
PRESCOTT,2261.00,1643,13.60%,1995,"16,686"
MIDDLEBROOKS,2261.00,1643,53.10%,7228,"4,257"
RICKETTS,2259.00,1645,18.90%,2777,"11,940"
COFFEY,2258.00,1646,6.40%,894,"35,442"
CAUSEY,2258.00,1646,20.40%,2998,"11,061"
WEATHERSBY,2257.00,1648,63.80%,8567,"3,539"
JEFFERY,2255.00,1649,24.90%,3611,"9,048"
MCCARTHY,2253.00,1650,2.80%,348,"81,035"
MULDROW,2252.00,1651,84.90%,11003,2651
SWEENEY,2251.00,1652,4.40%,591,"51,500"
TYUS,2251.00,1652,76.60%,10103,2939
SINGH,2245.00,1654,3.10%,396,"72,642"
PARSONS,2244.00,1655,3.40%,453,"66,203"
BELLE,2242.00,1656,59.90%,8155,"3,742"
GROVES,2239.00,1657,9.20%,1336,"24,260"
BOATWRIGHT,2234.00,1658,31.60%,4595,"7,063"
DURDEN,2229.00,1659,34.90%,5039,"6,389"
PERDUE,2228.00,1660,14.00%,2085,"15,958"
MCCONNELL,2223.00,1661,5.70%,800,"39,203"
SWEET,2223.00,1661,7.70%,1111,"28,872"
STALEY,2219.00,1663,12.30%,1824,"18,081"
SALES,2217.00,1664,25.40%,3733,"8,725"
WHARTON,2215.00,1665,19.50%,2910,"11,354"
BIVINS,2215.00,1665,41.00%,5875,"5,396"
BRANNON,2213.00,1667,14.10%,2127,"15,640"
GONZALEZ,2212.00,1668,0.40%,23,"597,718"
FARRELL,2212.00,1668,4.30%,599,"51,095"
ASHBY,2212.00,1668,13.20%,1985,"16,723"
WITHERS,2208.00,1671,20.50%,3083,"10,782"
PEEBLES,2207.00,1672,25.80%,3811,"8,540"
STROMAN,2207.00,1672,58.50%,8097,"3,772"
SANCHEZ,2206.00,1674,0.50%,33,"441,242"
MCLENDON,2204.00,1675,27.30%,4039,"8,079"
SHAVERS,2204.00,1675,71.80%,9716,"3,068"
RAMEY,2203.00,1677,10.20%,1526,"21,618"
LINCOLN,2200.00,1678,13.70%,2068,"16,070"
HUGHLEY,2200.00,1678,85.80%,11302,"2,565"
WORTHAM,2198.00,1680,40.80%,5882,"5,387"
LARKINS,2196.00,1681,36.50%,5329,"6,017"
HARDEMAN,2191.00,1682,51.30%,7208,"4,272"
JETT,2190.00,1683,19.40%,2930,"11,275"
JEANPIERRE,2189.00,1684,84.70%,11242,"2,584"
AIKENS,2186.00,1685,49.40%,6989,"4,421"
KEATON,2185.00,1686,26.20%,3918,"8,333"
STARR,2183.00,1687,7.70%,1135,"28,210"
PEACOCK,2180.00,1688,10.30%,1564,"21,106"
EALY,2175.00,1689,50.60%,7163,"4,296"
CURETON,2175.00,1689,50.80%,7190,"4,281"
NEALY,2174.00,1691,56.40%,7959,"3,856"
GADSDEN,2174.00,1691,90.00%,11869,"2,415"
DUCKETT,2173.00,1693,33.30%,4944,"6,524"
GATLING,2172.00,1694,80.40%,10837,"2,700"
WORRELL,2171.00,1695,20.80%,3155,"10,460"
MAYE,2170.00,1696,54.10%,7642,"4,012"
TRIPP,2166.00,1697,10.90%,1653,"19,886"
KIRKWOOD,2166.00,1697,27.20%,4115,"7,977"
LIGON,2164.00,1699,36.80%,5446,"5,879"
COUSINS,2163.00,1700,24.90%,3748,"8,691"
TIDWELL,2159.00,1701,10.40%,1595,"20,681"
DENTON,2158.00,1702,8.00%,1187,"27,112"
MITCHEL,2155.00,1703,35.00%,5209,"6,161"
HUTCHERSON,2153.00,1704,34.00%,5083,"6,336"
WELLINGTON,2152.00,1705,34.40%,5146,"6,257"
LITTLES,2152.00,1705,76.60%,10483,"2,810"
JOE,2151.00,1707,25.70%,3891,"8,382"
ROWELL,2149.00,1708,13.90%,2154,"15,457"
FORDE,2149.00,1708,48.00%,6905,"4,480"
JACOB,2146.00,1710,10.00%,1541,"21,354"
WITCHER,2146.00,1710,43.20%,6312,"4,969"
LATIMER,2143.00,1712,22.10%,3369,"9,705"
ELEY,2141.00,1713,45.80%,6664,"4,675"
NORFLEET,2140.00,1714,54.50%,7817,"3,924"
TRIMBLE,2139.00,1715,13.70%,2138,"15,576"
GOMEZ,2135.00,1716,0.80%,68,"263,590"
CULPEPPER,2135.00,1716,21.20%,3260,"10,061"
SALLEY,2135.00,1716,39.70%,5895,"5,376"
FLEMMING,2134.00,1719,36.00%,5414,"5,921"
MATTOX,2132.00,1720,21.60%,3318,"9,881"
FORTSON,2130.00,1721,52.20%,7522,"4,079"
WOFFORD,2129.00,1722,25.10%,3843,"8,491"
QUALLS,2123.00,1723,18.90%,2948,"11,222"
HYDE,2120.00,1724,7.40%,1121,"28,604"
DAYE,2119.00,1725,61.30%,8754,"3,457"
PORTIS,2116.00,1726,73.90%,10312,"2,863"
SPAIN,2112.00,1727,18.80%,2943,"11,232"
GOOCH,2111.00,1728,19.00%,2984,"11,107"
DUNSTON,2111.00,1728,61.80%,8830,"3,415"
DOBBS,2110.00,1730,11.70%,1829,"18,021"
TOMLIN,2110.00,1730,18.50%,2888,"11,397"
KITCHEN,2107.00,1732,14.60%,2298,"14,478"
SETTLES,2105.00,1733,37.10%,5603,"5,678"
LANDERS,2104.00,1734,11.50%,1802,"18,308"
MCARTHUR,2104.00,1734,17.30%,2721,"12,152"
JEFFERIES,2104.00,1734,42.30%,6306,"4,973"
CHRISTMAS,2102.00,1737,40.40%,6082,"5,204"
WORD,2100.00,1738,35.40%,5410,"5,926"
MCCALLUM,2099.00,1739,21.20%,3316,"9,897"
STEPHEN,2098.00,1740,23.50%,3655,"8,934"
VENABLE,2094.00,1741,20.60%,3234,"10,150"
AVANT,2093.00,1742,41.50%,6243,"5,040"
THIBODEAUX,2092.00,1743,15.80%,2508,"13,199"
CHEEK,2091.00,1744,13.40%,2140,"15,566"
SHIPMAN,2087.00,1745,14.00%,2235,"14,917"
PINKSTON,2084.00,1746,26.50%,4174,"7,871"
FARR,2082.00,1747,10.80%,1709,"19,242"
CATHEY,2082.00,1747,24.40%,3815,"8,538"
BREAUX,2080.00,1749,17.30%,2749,"12,046"
THURMOND,2080.00,1749,36.20%,5550,"5,752"
MCCARTY,2079.00,1751,5.80%,881,"35,718"
ROSSER,2079.00,1751,27.30%,4325,"7,604"
GERMAN,2075.00,1753,14.00%,2260,"14,769"
STROTHER,2075.00,1753,29.60%,4634,"7,001"
TABB,2073.00,1755,49.20%,7292,"4,215"
MCIVER,2072.00,1756,38.90%,5952,"5,326"
WHITTED,2070.00,1757,51.70%,7656,"4,007"
SIMONS,2069.00,1758,8.20%,1281,"25,266"
MARCUS,2068.00,1759,11.90%,1900,"17,360"
GLASPER,2064.00,1760,90.80%,12499,"2,274"
BORDEN,2063.00,1761,13.40%,2171,"15,342"
MALLARD,2062.00,1762,36.80%,5682,"5,602"
LEARY,2060.00,1763,13.60%,2203,"15,127"
PENNY,2058.00,1764,21.40%,3410,"9,615"
SARGENT,2057.00,1765,7.60%,1190,"27,024"
DURR,2056.00,1766,31.20%,4891,"6,594"
BANKSTON,2051.00,1767,30.40%,4789,"6,736"
NARCISSE,2049.00,1768,91.10%,12624,"2,250"
HILLMAN,2048.00,1769,13.30%,2156,"15,448"
DUNHAM,2047.00,1770,9.40%,1506,"21,772"
MCCLARY,2047.00,1770,36.40%,5659,"5,622"
RADFORD,2046.00,1772,16.20%,2636,"12,607"
EASTERLING,2046.00,1772,26.40%,4227,"7,761"
MERCHANT,2044.00,1774,15.20%,2465,"13,421"
RUMPH,2044.00,1774,62.80%,9213,"3,256"
TOMLINSON,2042.00,1776,8.50%,1345,"24,110"
GOVAN,2041.00,1777,71.70%,10375,"2,846"
SNYDER,2040.00,1778,1.30%,144,"159,363"
CALLAWAY,2040.00,1778,15.30%,2481,"13,354"
WHYTE,2039.00,1780,32.40%,5112,"6,298"
WASH,2039.00,1780,39.80%,6157,"5,126"
PEACE,2032.00,1782,23.60%,3781,"8,601"
SHINE,2032.00,1782,33.40%,5263,"6,083"
HEMINGWAY,2030.00,1784,36.40%,5699,"5,581"
FEARS,2030.00,1784,45.10%,6881,"4,503"
MAYERS,2029.00,1786,36.30%,5688,"5,592"
KENNEY,2026.00,1787,7.50%,1184,"27,189"
DEBOSE,2026.00,1787,81.50%,11583,"2,487"
STORY,2024.00,1789,10.70%,1735,"18,935"
CORMIER,2024.00,1789,12.30%,2012,"16,513"
TRUITT,2024.00,1789,21.90%,3526,"9,257"
STYLES,2024.00,1789,31.50%,5008,"6,428"
MARABLE,2017.00,1793,63.70%,9420,"3,166"
RATCLIFF,2014.00,1794,19.70%,3207,"10,237"
FLAGG,2014.00,1794,30.60%,4896,"6,589"
PHIFER,2014.00,1794,37.50%,5897,"5,375"
WILBORN,2014.00,1794,46.10%,7061,"4,368"
KEE,2011.00,1798,21.90%,3557,"9,173"
JULIEN,2010.00,1799,45.70%,7024,"4,399"
DUNSON,2005.00,1800,52.50%,8015,"3,817"
CANNADY,2004.00,1801,41.20%,6442,"4,862"
MAXEY,2001.00,1802,19.10%,3154,"10,461"
FRANCE,2000.00,1803,16.80%,2778,"11,936"
COMER,1999.00,1804,12.00%,2001,"16,619"
FARRAR,1996.00,1805,13.80%,2301,"14,451"
JORDON,1996.00,1805,38.60%,6118,"5,165"
KINARD,1994.00,1807,30.30%,4905,"6,583"
ROBINS,1993.00,1808,18.90%,3139,"10,530"
CHERY,1992.00,1809,79.60%,11523,"2,504"
CEASAR,1992.00,1809,83.80%,12047,"2,377"
MILNER,1989.00,1811,16.90%,2798,"11,790"
WATT,1988.00,1812,13.40%,2246,"14,872"
MENSAH,1988.00,1812,92.30%,13048,"2,153"
OVERSTREET,1987.00,1814,16.40%,2732,"12,121"
NATHAN,1987.00,1814,27.00%,4444,"7,369"
BRONSON,1983.00,1816,18.00%,3022,"11,007"
BARNEY,1979.00,1817,12.70%,2144,"15,556"
LOVING,1979.00,1817,28.30%,4642,"6,987"
WOOLFOLK,1978.00,1819,64.20%,9675,"3,081"
BRAGGS,1978.00,1819,83.40%,12070,"2,372"
RIGGS,1975.00,1821,5.80%,947,"33,868"
APPLEWHITE,1975.00,1821,58.60%,8926,"3,370"
MARK,1970.00,1823,12.40%,2091,"15,916"
ETHERIDGE,1969.00,1824,19.60%,3271,"10,041"
LATIMORE,1968.00,1825,83.30%,12104,"2,363"
MCDADE,1964.00,1826,28.90%,4772,"6,787"
SHEPHARD,1964.00,1826,30.10%,4950,"6,519"
PULLEY,1963.00,1828,24.80%,4134,"7,928"
OGLETREE,1962.00,1829,44.30%,6977,"4,429"
AMBROSE,1959.00,1830,11.70%,1992,"16,697"
DYKES,1959.00,1830,14.10%,2391,"13,891"
BURWELL,1955.00,1832,32.80%,5372,"5,966"
REEDER,1954.00,1833,10.40%,1750,"18,768"
HARDISON,1954.00,1833,24.70%,4146,"7,909"
MCCREE,1954.00,1833,74.50%,11109,"2,622"
WICKS,1952.00,1836,21.20%,3549,"9,190"
NAPIER,1951.00,1837,10.40%,1755,"18,726"
MCCULLUM,1951.00,1837,69.00%,10438,"2,827"
HUFFMAN,1950.00,1839,3.90%,620,"49,737"
NEWSOM,1950.00,1839,17.80%,3040,"10,930"
SWINTON,1950.00,1839,70.30%,10606,"2,773"
WINGFIELD,1948.00,1842,32.10%,5278,"6,065"
LEDBETTER,1947.00,1843,10.10%,1712,"19,222"
ASHE,1947.00,1843,26.00%,4388,"7,485"
GILLARD,1947.00,1843,46.70%,7376,"4,165"
ROBERT,1945.00,1846,16.00%,2730,"12,129"
GALES,1945.00,1846,52.50%,8236,"3,703"
BECKETT,1944.00,1848,17.20%,2916,"11,334"
PETE,1943.00,1849,45.10%,7147,"4,312"
CLANTON,1942.00,1850,25.40%,4291,"7,651"
MATTHEW,1942.00,1850,29.90%,4971,"6,486"
BORDERS,1940.00,1852,22.50%,3775,"8,618"
CROMWELL,1938.00,1853,25.20%,4267,"7,687"
SAYLES,1934.00,1854,35.20%,5776,"5,493"
SMOTHERS,1933.00,1855,27.10%,4569,"7,125"
WIGFALL,1933.00,1855,92.40%,13364,"2,091"
CHRISTIE,1932.00,1857,11.00%,1874,"17,582"
HAILE,1932.00,1857,41.10%,6635,"4,701"
KORNEGAY,1932.00,1857,43.80%,7003,"4,413"
SEWARD,1931.00,1860,19.30%,3292,"9,987"
FLUKER,1931.00,1860,77.00%,11507,"2,509"
BURNSIDE,1930.00,1862,22.80%,3854,"8,470"
HYLTON,1928.00,1863,24.80%,4226,"7,765"
TOOMER,1927.00,1864,70.20%,10683,"2,746"
BLANDING,1922.00,1865,65.20%,10074,"2,950"
ARCENEAUX,1920.00,1866,35.40%,5838,"5,428"
CRUZ,1918.00,1867,0.80%,82,"231,065"
MORAN,1917.00,1868,2.40%,362,"78,546"
ROOKS,1913.00,1869,28.90%,4867,"6,625"
BARNER,1911.00,1870,36.90%,6108,"5,177"
GRAYS,1911.00,1870,85.60%,12705,"2,232"
RAGIN,1910.00,1872,84.10%,12520,"2,270"
HEBERT,1909.00,1873,4.70%,781,"40,283"
HOWZE,1909.00,1873,62.10%,9693,"3,075"
HARDWICK,1907.00,1875,18.50%,3187,"10,324"
LADSON,1905.00,1876,79.00%,11884,"2,412"
AUGUSTE,1905.00,1876,82.50%,12343,"2,309"
GADDIS,1903.00,1878,21.30%,3658,"8,926"
MANSON,1903.00,1878,23.50%,4032,"8,090"
PETTUS,1901.00,1880,38.70%,6373,"4,917"
EMANUEL,1900.00,1881,31.40%,5296,"6,051"
MILL,1899.00,1882,23.50%,4026,"8,095"
BROADWAY,1896.00,1883,29.30%,4986,"6,461"
MCHENRY,1895.00,1884,16.70%,2902,"11,369"
MOSELY,1895.00,1884,61.60%,9684,"3,077"
LEFLORE,1891.00,1886,75.40%,11507,"2,509"
HANKERSON,1888.00,1887,88.50%,13137,"2,134"
PACK,1887.00,1888,10.20%,1772,"18,538"
TORRES,1886.00,1889,0.60%,50,"325,169"
COCKRELL,1884.00,1890,20.00%,3477,"9,397"
WHITEHURST,1883.00,1891,25.90%,4490,"7,268"
BREWINGTON,1883.00,1891,36.70%,6153,"5,128"
BENOIT,1880.00,1893,10.00%,1741,"18,842"
LAYNE,1880.00,1893,14.40%,2537,"13,084"
BOLES,1877.00,1895,12.80%,2274,"14,644"
LITTLETON,1877.00,1895,19.10%,3335,"9,829"
MCGINNIS,1874.00,1897,7.10%,1207,"26,578"
LEON,1873.00,1898,3.00%,483,"62,034"
SANDIFER,1873.00,1898,35.20%,5950,"5,327"
MCCANN,1870.00,1900,5.40%,916,"34,692"
MCGREGOR,1870.00,1900,12.50%,2227,"14,969"
BANNISTER,1869.00,1902,23.00%,4019,"8,110"
PEYTON,1868.00,1903,19.10%,3344,"9,787"
LIDDELL,1867.00,1904,40.80%,6786,"4,579"
STRANGE,1866.00,1905,12.80%,2282,"14,582"
SEYMORE,1863.00,1906,42.60%,7056,"4,370"
GORHAM,1862.00,1907,23.00%,4016,"8,113"
DEAS,1861.00,1908,48.80%,8027,"3,812"
SADDLER,1860.00,1909,47.40%,7813,"3,926"
COWARD,1859.00,1910,31.60%,5443,"5,880"
CAESAR,1859.00,1910,58.10%,9348,"3,199"
HAM,1857.00,1912,11.70%,2103,"15,843"
NORTH,1856.00,1913,9.20%,1623,"20,238"
SHACKELFORD,1856.00,1913,16.30%,2905,"11,367"
CHURCH,1855.00,1915,5.20%,890,"35,539"
CROOM,1854.00,1916,44.40%,7362,"4,171"
TUTT,1853.00,1917,48.40%,8004,"3,826"
SALMON,1851.00,1918,13.90%,2482,"13,328"
IVERY,1851.00,1918,89.40%,13480,"2,070"
BUTCHER,1850.00,1920,8.40%,1478,"22,077"
THROWER,1848.00,1921,38.50%,6518,"4,801"
BASSETT,1845.00,1922,9.20%,1636,"20,032"
PARIS,1843.00,1923,11.00%,1970,"16,813"
DIAZ,1838.00,1924,0.70%,73,"251,772"
ZIMMERMAN,1837.00,1925,2.30%,350,"80,944"
COULTER,1837.00,1925,9.10%,1622,"20,252"
RIDDLE,1835.00,1927,5.60%,975,"32,654"
BOLLING,1835.00,1927,30.60%,5350,"5,995"
LUCKEY,1834.00,1929,36.70%,6278,"4,999"
NAYLOR,1832.00,1930,11.50%,2088,"15,930"
HATTEN,1831.00,1931,34.20%,5912,"5,360"
WELDON,1829.00,1932,13.00%,2367,"14,025"
CULVER,1828.00,1933,10.60%,1915,"17,231"
FEASTER,1828.00,1933,40.60%,6877,"4,507"
CALLENDER,1827.00,1935,34.70%,6015,"5,266"
SPELLER,1826.00,1936,76.80%,12047,"2,377"
FOOTE,1825.00,1937,11.30%,2063,"16,093"
MOISE,1825.00,1937,58.20%,9513,"3,135"
KILPATRICK,1824.00,1939,13.20%,2402,"13,832"
YARBOROUGH,1823.00,1940,27.60%,4890,"6,595"
HOOVER,1822.00,1941,3.20%,532,"56,068"
EADY,1822.00,1941,49.00%,8208,"3,719"
COUSIN,1822.00,1941,61.40%,10018,"2,968"
FLANAGAN,1818.00,1944,6.10%,1079,"29,563"
GOOLSBY,1816.00,1945,24.60%,4435,"7,389"
CHOICE,1816.00,1945,88.40%,13554,"2,055"
WREN,1814.00,1947,16.90%,3092,"10,743"
HUTTON,1812.00,1948,10.10%,1836,"17,961"
RUDD,1811.00,1949,12.80%,2343,"14,167"
BANKHEAD,1809.00,1950,54.30%,9024,"3,331"
SATTERWHITE,1808.00,1951,36.20%,6274,"5,001"
CHARLESTON,1808.00,1951,60.30%,9927,"3,000"
SANTOS,1802.00,1953,1.80%,279,"98,993"
SUMMERVILLE,1802.00,1953,38.00%,6588,"4,744"
SESSOMS,1802.00,1953,47.40%,8044,"3,802"
SCROGGINS,1800.00,1956,19.80%,3590,"9,093"
TUNSTALL,1799.00,1957,49.90%,8426,"3,602"
THREATT,1799.00,1957,54.20%,9050,"3,321"
DELOATCH,1798.00,1959,90.50%,13931,"1,986"
LACKEY,1796.00,1960,10.10%,1862,"17,749"
SIBLEY,1796.00,1960,19.30%,3518,"9,285"
ANDRE,1796.00,1960,21.80%,3950,"8,249"
GHOLSTON,1796.00,1960,78.40%,12418,"2,292"
USHER,1795.00,1964,25.20%,4572,"7,118"
CASTON,1794.00,1965,53.60%,8977,"3,349"
GAGE,1793.00,1966,11.20%,2077,"16,022"
WILLOUGHBY,1793.00,1966,11.50%,2130,"15,622"
WAY,1793.00,1966,12.60%,2334,"14,222"
DILWORTH,1792.00,1969,39.10%,6778,"4,584"
GERMANY,1792.00,1969,50.80%,8583,"3,529"
MORSE,1788.00,1971,4.30%,762,"41,112"
METCALF,1787.00,1972,7.60%,1381,"23,540"
HUDGINS,1785.00,1973,15.40%,2845,"11,569"
FERNANDEZ,1783.00,1974,1.30%,178,"139,302"
FUQUA,1783.00,1974,22.20%,4080,"8,031"
SKIPPER,1782.00,1976,17.80%,3285,"10,010"
TEASLEY,1781.00,1977,44.20%,7604,"4,032"
GROOMS,1780.00,1978,16.70%,3118,"10,640"
SPARROW,1778.00,1979,24.50%,4496,"7,263"
MCCARTER,1777.00,1980,19.20%,3524,"9,262"
RAMOS,1776.00,1981,0.90%,112,"193,096"
ONEIL,1776.00,1981,6.30%,1145,"28,020"
FRIDAY,1774.00,1983,26.30%,4780,"6,750"
WINGATE,1772.00,1984,21.60%,3968,"8,221"
ORANGE,1771.00,1985,44.00%,7612,"4,027"
GITTENS,1771.00,1985,72.20%,11712,"2,452"
STEED,1769.00,1987,18.70%,3462,"9,436"
STUBBLEFIELD,1767.00,1988,20.20%,3728,"8,733"
WIMBUSH,1766.00,1989,89.40%,14012,"1,975"
TITUS,1763.00,1990,11.50%,2172,"15,321"
SHANKS,1763.00,1990,15.40%,2881,"11,436"
CELESTIN,1763.00,1990,77.00%,12426,"2,291"
HECTOR,1761.00,1993,44.00%,7671,"4,000"
DEWBERRY,1760.00,1994,46.30%,8049,"3,800"
GOOD,1759.00,1995,5.10%,929,"34,430"
DEAL,1759.00,1995,8.70%,1629,"20,128"
WAKEFIELD,1757.00,1997,12.50%,2360,"14,058"
DIX,1756.00,1998,18.10%,3365,"9,714"
HARTFIELD,1756.00,1998,53.70%,9180,"3,267"
FLUELLEN,1756.00,1998,93.70%,14567,"1,875"
